

CREATE TABLE `asset_series` (
  `asset_id` int(11) NOT NULL AUTO_INCREMENT,
  `subcat_prefix` varchar(50) DEFAULT NULL,
  `location` varchar(50) DEFAULT NULL,
  `series` int(11) NOT NULL DEFAULT '0',
  PRIMARY KEY (`asset_id`)
) ENGINE=InnoDB AUTO_INCREMENT=275 DEFAULT CHARSET=latin1;

INSERT INTO asset_series VALUES("1","FFE- COMP","BCD","1001");
INSERT INTO asset_series VALUES("2","FFE- COMP","BCD","1002");
INSERT INTO asset_series VALUES("3","FFE- COMP","BCD","1003");
INSERT INTO asset_series VALUES("4","FFE- COMP","BCD","1004");
INSERT INTO asset_series VALUES("5","FFE- COMP","BCD","1004");
INSERT INTO asset_series VALUES("6","FFE- COMP","BCD","1005");
INSERT INTO asset_series VALUES("7","FFE- COMP","BCD","1006");
INSERT INTO asset_series VALUES("8","FFE- COMP","BCD","1007");
INSERT INTO asset_series VALUES("9","FFE- COMP","BCD","1008");
INSERT INTO asset_series VALUES("10","FFE- COMP","BCD","1009");
INSERT INTO asset_series VALUES("11","FFE- COMP","BCD","1010");
INSERT INTO asset_series VALUES("12","FFE- COMP","BCD","1009");
INSERT INTO asset_series VALUES("13","FFE- COMP","BCD","1011");
INSERT INTO asset_series VALUES("14","FFE-EQU","BCD","1001");
INSERT INTO asset_series VALUES("15","FFE- COMP","BCD","1012");
INSERT INTO asset_series VALUES("16","FFE-EQU","BCD","1002");
INSERT INTO asset_series VALUES("17","FFE- COMP","BCD","1013");
INSERT INTO asset_series VALUES("18","FFE- COMP","BCD","1014");
INSERT INTO asset_series VALUES("19","FFE- COMP","BCD","1015");
INSERT INTO asset_series VALUES("20","FFE- COMP","BCD","1015");
INSERT INTO asset_series VALUES("21","FFE- COMP","BCD","1016");
INSERT INTO asset_series VALUES("22","FFE- COMP","BCD","1017");
INSERT INTO asset_series VALUES("23","FFE- COMP","BCD","1018");
INSERT INTO asset_series VALUES("24","FFE- COMP","BCD","1019");
INSERT INTO asset_series VALUES("25","FFE- COMP","BCD","1020");
INSERT INTO asset_series VALUES("26","FFE- COMP","BCD","1021");
INSERT INTO asset_series VALUES("27","FFE- COMP","BCD","1022");
INSERT INTO asset_series VALUES("28","FFE- COMP","BCD","1023");
INSERT INTO asset_series VALUES("29","FFE- COMP","BCD","1024");
INSERT INTO asset_series VALUES("30","FFE- COMP","BCD","1025");
INSERT INTO asset_series VALUES("31","FFE- COMP","BCD","1026");
INSERT INTO asset_series VALUES("32","FFE- COMP","BCD","1027");
INSERT INTO asset_series VALUES("33","FFE- COMP","BCD","1028");
INSERT INTO asset_series VALUES("34","FFE- COMP","BCD","1027");
INSERT INTO asset_series VALUES("35","FFE- COMP","BCD","1029");
INSERT INTO asset_series VALUES("36","FFE- COMP","BCD","1030");
INSERT INTO asset_series VALUES("37","FFE- COMP","BCD","1031");
INSERT INTO asset_series VALUES("38","FFE- COMP","BCD","1031");
INSERT INTO asset_series VALUES("39","FFE- COMP","BCD","1032");
INSERT INTO asset_series VALUES("40","FFE- COMP","BCD","1032");
INSERT INTO asset_series VALUES("41","FFE- COMP","BCD","1033");
INSERT INTO asset_series VALUES("42","FFE- COMP","BCD","1034");
INSERT INTO asset_series VALUES("43","FFE- COMP","BCD","1035");
INSERT INTO asset_series VALUES("44","FFE- COMP","BCD","1036");
INSERT INTO asset_series VALUES("45","FFE- COMP","BCD","1036");
INSERT INTO asset_series VALUES("46","FFE- COMP","BCD","1037");
INSERT INTO asset_series VALUES("47","FFE- COMP","BCD","1037");
INSERT INTO asset_series VALUES("48","FFE- COMP","BCD","1038");
INSERT INTO asset_series VALUES("49","FFE- COMP","BCD","1039");
INSERT INTO asset_series VALUES("50","FFE- COMP","BCD","1040");
INSERT INTO asset_series VALUES("51","FFE- COMP","BCD","1040");
INSERT INTO asset_series VALUES("52","FFE- COMP","BCD","1041");
INSERT INTO asset_series VALUES("53","FFE- COMP","BCD","1042");
INSERT INTO asset_series VALUES("54","FFE- COMP","BCD","1043");
INSERT INTO asset_series VALUES("55","FFE- COMP","BCD","1044");
INSERT INTO asset_series VALUES("56","FFE- COMP","BCD","1045");
INSERT INTO asset_series VALUES("57","FFE- COMP","BCD","1046");
INSERT INTO asset_series VALUES("58","FFE- COMP","BCD","1046");
INSERT INTO asset_series VALUES("59","FFE- COMP","BCD","1047");
INSERT INTO asset_series VALUES("60","FFE- COMP","BCD","1048");
INSERT INTO asset_series VALUES("61","FFE- COMP","BCD","1049");
INSERT INTO asset_series VALUES("62","FFE- COMP","BCD","1050");
INSERT INTO asset_series VALUES("63","FFE- COMP","BCD","1051");
INSERT INTO asset_series VALUES("64","FFE- COMP","BCD","1052");
INSERT INTO asset_series VALUES("65","FFE-EQU","BCD","1003");
INSERT INTO asset_series VALUES("66","FFE- COMP","BCD","1053");
INSERT INTO asset_series VALUES("67","FFE- COMP","BCD","1054");
INSERT INTO asset_series VALUES("68","FFE- COMP","BCD","1055");
INSERT INTO asset_series VALUES("69","FFE- COMP","BCD","1055");
INSERT INTO asset_series VALUES("70","FFE- COMP","BCD","1056");
INSERT INTO asset_series VALUES("71","FFE- COMP","BCD","1057");
INSERT INTO asset_series VALUES("72","FFE- COMP","BCD","1057");
INSERT INTO asset_series VALUES("73","FFE- COMP","BCD","1058");
INSERT INTO asset_series VALUES("74","FFE- COMP","BCD","1059");
INSERT INTO asset_series VALUES("75","FFE- COMP","BCD","1060");
INSERT INTO asset_series VALUES("76","FFE- COMP","BCD","1061");
INSERT INTO asset_series VALUES("77","FFE- COMP","BCD","1062");
INSERT INTO asset_series VALUES("78","FFE- COMP","BCD","1062");
INSERT INTO asset_series VALUES("79","FFE- COMP","BCD","1063");
INSERT INTO asset_series VALUES("80","FFE- COMP","BCD","1064");
INSERT INTO asset_series VALUES("81","FFE- COMP","BCD","1065");
INSERT INTO asset_series VALUES("82","FFE- COMP","BCD","1066");
INSERT INTO asset_series VALUES("83","FFE- COMP","BCD","1067");
INSERT INTO asset_series VALUES("84","FFE- COMP","BCD","1068");
INSERT INTO asset_series VALUES("85","FFE- COMP","BCD","1069");
INSERT INTO asset_series VALUES("86","FFE- COMP","BCD","1070");
INSERT INTO asset_series VALUES("87","FFE- COMP","BCD","1071");
INSERT INTO asset_series VALUES("88","FFE- COMP","BCD","1072");
INSERT INTO asset_series VALUES("89","FFE- COMP","BCD","1073");
INSERT INTO asset_series VALUES("90","FFE- COMP","BCD","1074");
INSERT INTO asset_series VALUES("91","FFE- COMP","BCD","1075");
INSERT INTO asset_series VALUES("92","FFE- COMP","BCD","1076");
INSERT INTO asset_series VALUES("93","FFE- COMP","BCD","1077");
INSERT INTO asset_series VALUES("94","FFE- COMP","BCD","1078");
INSERT INTO asset_series VALUES("95","FFE- COMP","BCD","1079");
INSERT INTO asset_series VALUES("96","FFE- COMP","BCD","1080");
INSERT INTO asset_series VALUES("97","FFE-EQU","BCD","1004");
INSERT INTO asset_series VALUES("98","FFE- COMP","BCD","1081");
INSERT INTO asset_series VALUES("99","FFE- COMP","BCD","1082");
INSERT INTO asset_series VALUES("100","FFE- COMP","BCD","1083");
INSERT INTO asset_series VALUES("101","FFE- COMP","BCD","1084");
INSERT INTO asset_series VALUES("102","FFE- COMP","BCD","1085");
INSERT INTO asset_series VALUES("103","FFE- COMP","BCD","1086");
INSERT INTO asset_series VALUES("104","FFE- COMP","BCD","1087");
INSERT INTO asset_series VALUES("105","FFE- COMP","BCD","1088");
INSERT INTO asset_series VALUES("106","FFE- COMP","BCD","1089");
INSERT INTO asset_series VALUES("107","FFE- COMP","BCD","1090");
INSERT INTO asset_series VALUES("108","FFE- COMP","BCD","1091");
INSERT INTO asset_series VALUES("109","FFE- COMP","BCD","1092");
INSERT INTO asset_series VALUES("110","FFE- COMP","BCD","1093");
INSERT INTO asset_series VALUES("111","FFE- COMP","BCD","1094");
INSERT INTO asset_series VALUES("112","FFE- COMP","BCD","1093");
INSERT INTO asset_series VALUES("113","FFE- COMP","BCD","1095");
INSERT INTO asset_series VALUES("114","FFE- COMP","BCD","1096");
INSERT INTO asset_series VALUES("115","FFE- COMP","BCD","1097");
INSERT INTO asset_series VALUES("116","FFE- COMP","BCD","1097");
INSERT INTO asset_series VALUES("117","FFE- COMP","BCD","1098");
INSERT INTO asset_series VALUES("118","FFE- COMP","BCD","1099");
INSERT INTO asset_series VALUES("119","FFE- COMP","BCD","1099");
INSERT INTO asset_series VALUES("120","FFE- COMP","BCD","1100");
INSERT INTO asset_series VALUES("121","FFE- COMP","BCD","1101");
INSERT INTO asset_series VALUES("122","FFE- COMP","BCD","1102");
INSERT INTO asset_series VALUES("123","FFE- COMP","BCD","1103");
INSERT INTO asset_series VALUES("124","FFE- COMP","BCD","1103");
INSERT INTO asset_series VALUES("125","FFE- COMP","BCD","1104");
INSERT INTO asset_series VALUES("126","FFE- COMP","BCD","1104");
INSERT INTO asset_series VALUES("127","FFE- COMP","BCD","1105");
INSERT INTO asset_series VALUES("128","FFE- COMP","BCD","1106");
INSERT INTO asset_series VALUES("129","FFE- COMP","BCD","1107");
INSERT INTO asset_series VALUES("130","FFE- COMP","BCD","1108");
INSERT INTO asset_series VALUES("131","FFE- COMP","BCD","1109");
INSERT INTO asset_series VALUES("132","FFE- COMP","BCD","1110");
INSERT INTO asset_series VALUES("133","FFE- COMP","BCD","1111");
INSERT INTO asset_series VALUES("134","FFE- COMP","BCD","1112");
INSERT INTO asset_series VALUES("135","FFE- COMP","BCD","1113");
INSERT INTO asset_series VALUES("136","FFE- COMP","BCD","1114");
INSERT INTO asset_series VALUES("137","FFE- COMP","BCD","1115");
INSERT INTO asset_series VALUES("138","FFE- COMP","BCD","1116");
INSERT INTO asset_series VALUES("139","FFE- COMP","BCD","1117");
INSERT INTO asset_series VALUES("140","FFE- COMP","BCD","1118");
INSERT INTO asset_series VALUES("141","FFE- COMP","BCD","1118");
INSERT INTO asset_series VALUES("142","FFE- COMP","BCD","1119");
INSERT INTO asset_series VALUES("143","FFE- COMP","BCD","1120");
INSERT INTO asset_series VALUES("144","FFE- COMP","BCD","1121");
INSERT INTO asset_series VALUES("145","FFE- COMP","BCD","1122");
INSERT INTO asset_series VALUES("146","FFE- COMP","BCD","1123");
INSERT INTO asset_series VALUES("147","FFE- COMP","BCD","1124");
INSERT INTO asset_series VALUES("148","FFE- COMP","BCD","1125");
INSERT INTO asset_series VALUES("149","FFE- COMP","BCD","1126");
INSERT INTO asset_series VALUES("150","FFE- COMP","BCD","1127");
INSERT INTO asset_series VALUES("151","FFE- COMP","BCD","1128");
INSERT INTO asset_series VALUES("152","FFE- COMP","BCD","1128");
INSERT INTO asset_series VALUES("153","FFE- COMP","BCD","1129");
INSERT INTO asset_series VALUES("154","FFE- COMP","BCD","1129");
INSERT INTO asset_series VALUES("155","FFE- COMP","BCD","1130");
INSERT INTO asset_series VALUES("156","FFE- COMP","BCD","1131");
INSERT INTO asset_series VALUES("157","FFE- COMP","BCD","1132");
INSERT INTO asset_series VALUES("158","FFE- COMP","BCD","1133");
INSERT INTO asset_series VALUES("159","FFE- COMP","BCD","1133");
INSERT INTO asset_series VALUES("160","FFE- COMP","BCD","1134");
INSERT INTO asset_series VALUES("161","FFE- COMP","BCD","1135");
INSERT INTO asset_series VALUES("162","FFE- COMP","BCD","1136");
INSERT INTO asset_series VALUES("163","FFE- COMP","BCD","1137");
INSERT INTO asset_series VALUES("164","FFE- COMP","BCD","1138");
INSERT INTO asset_series VALUES("165","FFE- COMP","BCD","1139");
INSERT INTO asset_series VALUES("166","FFE- COMP","BCD","1140");
INSERT INTO asset_series VALUES("167","FFE- COMP","BCD","1141");
INSERT INTO asset_series VALUES("168","FFE- COMP","BCD","1142");
INSERT INTO asset_series VALUES("169","FFE- COMP","BCD","1143");
INSERT INTO asset_series VALUES("170","FFE- COMP","BCD","1144");
INSERT INTO asset_series VALUES("171","FFE- COMP","BCD","1145");
INSERT INTO asset_series VALUES("172","FFE- COMP","BCD","1146");
INSERT INTO asset_series VALUES("173","FFE- COMP","BCD","1147");
INSERT INTO asset_series VALUES("174","FFE- COMP","BCD","1148");
INSERT INTO asset_series VALUES("175","FFE- COMP","BCD","1149");
INSERT INTO asset_series VALUES("176","FFE- COMP","BCD","1150");
INSERT INTO asset_series VALUES("177","FFE- COMP","BCD","1151");
INSERT INTO asset_series VALUES("178","FFE- COMP","BCD","1152");
INSERT INTO asset_series VALUES("179","FFE- COMP","BCD","1153");
INSERT INTO asset_series VALUES("180","FFE- COMP","BCD","1154");
INSERT INTO asset_series VALUES("181","FFE- COMP","BCD","1155");
INSERT INTO asset_series VALUES("182","FFE-EQU","BCD","1005");
INSERT INTO asset_series VALUES("183","FFE- COMP","BCD","1156");
INSERT INTO asset_series VALUES("184","FFE- COMP","BCD","1157");
INSERT INTO asset_series VALUES("185","FFE- COMP","BCD","1158");
INSERT INTO asset_series VALUES("186","FFE- COMP","BCD","1159");
INSERT INTO asset_series VALUES("187","FFE- COMP","BCD","1160");
INSERT INTO asset_series VALUES("188","FFE- COMP","BCD","1161");
INSERT INTO asset_series VALUES("189","FFE- COMP","BCD","1162");
INSERT INTO asset_series VALUES("190","FFE- COMP","BCD","1163");
INSERT INTO asset_series VALUES("191","FFE- COMP","BCD","1164");
INSERT INTO asset_series VALUES("192","FFE- COMP","BCD","1165");
INSERT INTO asset_series VALUES("193","FFE- COMP","BCD","1166");
INSERT INTO asset_series VALUES("194","FFE- COMP","BCD","1167");
INSERT INTO asset_series VALUES("195","FFE- COMP","BCD","1168");
INSERT INTO asset_series VALUES("196","FFE-EQU","BCD","1006");
INSERT INTO asset_series VALUES("197","FFE- COMP","BCD","1169");
INSERT INTO asset_series VALUES("198","FFE- COMP","BCD","1170");
INSERT INTO asset_series VALUES("199","FFE- COMP","BCD","1171");
INSERT INTO asset_series VALUES("200","FFE- COMP","BCD","1172");
INSERT INTO asset_series VALUES("201","FFE- COMP","BCD","1173");
INSERT INTO asset_series VALUES("202","FFE- COMP","BCD","1174");
INSERT INTO asset_series VALUES("203","FFE- COMP","BCD","1175");
INSERT INTO asset_series VALUES("204","FFE- COMP","BCD","1176");
INSERT INTO asset_series VALUES("205","FFE- COMP","BCD","1177");
INSERT INTO asset_series VALUES("206","FFE- COMP","BCD","1178");
INSERT INTO asset_series VALUES("207","FFE- COMP","BCD","1179");
INSERT INTO asset_series VALUES("208","FFE- COMP","BCD","1180");
INSERT INTO asset_series VALUES("209","FFE- COMP","BCD","1181");
INSERT INTO asset_series VALUES("210","FFE- COMP","BCD","1182");
INSERT INTO asset_series VALUES("211","FFE- COMP","BCD","1183");
INSERT INTO asset_series VALUES("212","FFE- COMP","BCD","1184");
INSERT INTO asset_series VALUES("213","FFE- COMP","BCD","1185");
INSERT INTO asset_series VALUES("214","FFE- COMP","BCD","1186");
INSERT INTO asset_series VALUES("215","FFE- COMP","BCD","1187");
INSERT INTO asset_series VALUES("216","FFE- COMP","BCD","1188");
INSERT INTO asset_series VALUES("217","FFE- COMP","BCD","1189");
INSERT INTO asset_series VALUES("218","FFE- COMP","BCD","1190");
INSERT INTO asset_series VALUES("219","FFE- COMP","BCD","1191");
INSERT INTO asset_series VALUES("220","FFE- COMP","BCD","1192");
INSERT INTO asset_series VALUES("221","FFE- COMP","BCD","1193");
INSERT INTO asset_series VALUES("222","FFE- COMP","BCD","1194");
INSERT INTO asset_series VALUES("223","FFE- COMP","BCD","1195");
INSERT INTO asset_series VALUES("224","FFE- COMP","BCD","1196");
INSERT INTO asset_series VALUES("225","FFE- COMP","BCD","1197");
INSERT INTO asset_series VALUES("226","FFE- COMP","BCD","1198");
INSERT INTO asset_series VALUES("227","FFE- COMP","BCD","1199");
INSERT INTO asset_series VALUES("228","FFE- COMP","BCD","1200");
INSERT INTO asset_series VALUES("229","FFE- COMP","BCD","1201");
INSERT INTO asset_series VALUES("230","FFE- COMP","BCD","1202");
INSERT INTO asset_series VALUES("231","FFE- COMP","BCD","1203");
INSERT INTO asset_series VALUES("232","FFE-COMP","BCD","1204");
INSERT INTO asset_series VALUES("233","FFE- COMP","BCD","1204");
INSERT INTO asset_series VALUES("234","FFE- COMP","BCD","1205");
INSERT INTO asset_series VALUES("235","FFE- COMP","BCD","1206");
INSERT INTO asset_series VALUES("236","FFE- COMP","BCD","1207");
INSERT INTO asset_series VALUES("237","FFE- COMP","BCD","1208");
INSERT INTO asset_series VALUES("238","FFE- COMP","BCD","1209");
INSERT INTO asset_series VALUES("239","FFE- COMP","BCD","1210");
INSERT INTO asset_series VALUES("240","FFE- COMP","BCD","1211");
INSERT INTO asset_series VALUES("241","FFE- COMP","BCD","1212");
INSERT INTO asset_series VALUES("242","FFE- COMP","BCD","1213");
INSERT INTO asset_series VALUES("243","FFE- COMP","BCD","1214");
INSERT INTO asset_series VALUES("244","FFE- COMP","BCD","1215");
INSERT INTO asset_series VALUES("245","FFE- COMP","BCD","1216");
INSERT INTO asset_series VALUES("246","FFE- COMP","BCD","1217");
INSERT INTO asset_series VALUES("247","FFE- COMP","BCD","1218");
INSERT INTO asset_series VALUES("248","FFE- COMP","BCD","1219");
INSERT INTO asset_series VALUES("249","FFE- COMP","BCD","1220");
INSERT INTO asset_series VALUES("250","FFE- COMP","BCD","1221");
INSERT INTO asset_series VALUES("251","FFE- COMP","BCD","1222");
INSERT INTO asset_series VALUES("252","FFE- COMP","BCD","1223");
INSERT INTO asset_series VALUES("253","FFE- COMP","BCD","1224");
INSERT INTO asset_series VALUES("254","FFE- COMP","BCD","1225");
INSERT INTO asset_series VALUES("255","FFE- COMP","BCD","1226");
INSERT INTO asset_series VALUES("256","FFE- COMP","BCD","1227");
INSERT INTO asset_series VALUES("257","FFE- COMP","BCD","1228");
INSERT INTO asset_series VALUES("258","FFE- COMP","BCD","1229");
INSERT INTO asset_series VALUES("259","FFE- COMP","BCD","1230");
INSERT INTO asset_series VALUES("260","FFE- COMP","BCD","1231");
INSERT INTO asset_series VALUES("261","FFE- COMP","BCD","1232");
INSERT INTO asset_series VALUES("262","FFE-EQU","BCD","1007");
INSERT INTO asset_series VALUES("263","FFE- COMP","BCD","1233");
INSERT INTO asset_series VALUES("264","FFE- COMP","BCD","1234");
INSERT INTO asset_series VALUES("265","FFE- COMP","BCD","1235");
INSERT INTO asset_series VALUES("266","FFE-TRA","BCD","1001");
INSERT INTO asset_series VALUES("267","FFE-EQU","BCD","1008");
INSERT INTO asset_series VALUES("268","FFE- COMP","BCD","1236");
INSERT INTO asset_series VALUES("269","FFE- COMP","BCD","1237");
INSERT INTO asset_series VALUES("270","FFE- COMP","BCD","1238");
INSERT INTO asset_series VALUES("271","FFE- COMP","BCD","1239");
INSERT INTO asset_series VALUES("272","FFE- COMP","BCD","1240");
INSERT INTO asset_series VALUES("273","FFE- COMP","BCD","1241");
INSERT INTO asset_series VALUES("274","FFE- COMP","BCD","1242");





CREATE TABLE `atf_series` (
  `atf_id` int(11) NOT NULL AUTO_INCREMENT,
  `atf_prefix` varchar(255) DEFAULT NULL,
  `series` int(11) DEFAULT '0',
  PRIMARY KEY (`atf_id`)
) ENGINE=InnoDB AUTO_INCREMENT=6 DEFAULT CHARSET=latin1;

INSERT INTO atf_series VALUES("1","BCD-2019","1001");
INSERT INTO atf_series VALUES("2","BCD-2019","1002");
INSERT INTO atf_series VALUES("3","-2019","1003");
INSERT INTO atf_series VALUES("4","-2019","1004");
INSERT INTO atf_series VALUES("5","BCD-2019","1005");





CREATE TABLE `borrow_details` (
  `bd_id` int(11) NOT NULL AUTO_INCREMENT,
  `bh_id` int(11) NOT NULL DEFAULT '0',
  `et_id` int(11) NOT NULL DEFAULT '0',
  `ed_id` int(11) NOT NULL DEFAULT '0',
  `qty` int(11) NOT NULL DEFAULT '0',
  `returned` int(11) NOT NULL DEFAULT '0',
  `returned_date` varchar(20) DEFAULT NULL,
  `returned_by` int(11) NOT NULL DEFAULT '0',
  `return_qty` decimal(10,2) NOT NULL DEFAULT '0.00',
  PRIMARY KEY (`bd_id`)
) ENGINE=InnoDB AUTO_INCREMENT=136 DEFAULT CHARSET=latin1;

INSERT INTO borrow_details VALUES("1","1","141","140","1","1","2019-04-30 16:33:55","134","1.00");
INSERT INTO borrow_details VALUES("2","3","174","172","1","1","2019-06-07 14:14:16","36","1.00");
INSERT INTO borrow_details VALUES("3","4","174","172","1","1","2019-06-07 14:14:16","36","1.00");
INSERT INTO borrow_details VALUES("4","4","155","154","1","1","2019-06-07 14:14:18","36","1.00");
INSERT INTO borrow_details VALUES("5","5","174","172","1","1","2019-06-07 14:14:16","36","1.00");
INSERT INTO borrow_details VALUES("6","5","155","154","1","1","2019-06-07 14:14:18","36","1.00");
INSERT INTO borrow_details VALUES("7","6","174","172","1","1","2019-06-07 14:14:16","36","1.00");
INSERT INTO borrow_details VALUES("8","6","155","154","1","1","2019-06-07 14:14:18","36","1.00");
INSERT INTO borrow_details VALUES("9","7","174","172","1","1","2019-06-07 14:14:16","36","1.00");
INSERT INTO borrow_details VALUES("10","7","155","154","1","1","2019-06-07 14:14:18","36","1.00");
INSERT INTO borrow_details VALUES("11","8","174","172","1","1","2019-06-07 14:14:16","36","1.00");
INSERT INTO borrow_details VALUES("12","8","155","154","1","1","2019-06-07 14:14:18","36","1.00");
INSERT INTO borrow_details VALUES("13","9","174","172","1","1","2019-06-07 14:14:16","36","1.00");
INSERT INTO borrow_details VALUES("14","9","155","154","1","1","2019-06-07 14:14:18","36","1.00");
INSERT INTO borrow_details VALUES("15","9","174","172","1","1","2019-06-07 14:14:16","36","1.00");
INSERT INTO borrow_details VALUES("16","9","155","154","1","1","2019-06-07 14:14:18","36","1.00");
INSERT INTO borrow_details VALUES("17","10","174","172","1","1","2019-06-07 14:14:16","36","1.00");
INSERT INTO borrow_details VALUES("18","10","155","154","1","1","2019-06-07 14:14:18","36","1.00");
INSERT INTO borrow_details VALUES("19","11","174","172","1","1","2019-06-07 14:14:16","36","1.00");
INSERT INTO borrow_details VALUES("20","12","174","172","1","1","2019-06-07 14:14:16","36","1.00");
INSERT INTO borrow_details VALUES("21","13","174","172","1","1","2019-06-07 14:14:16","36","1.00");
INSERT INTO borrow_details VALUES("22","14","174","172","1","1","2019-06-07 14:14:16","36","1.00");
INSERT INTO borrow_details VALUES("23","14","155","154","1","1","2019-06-07 14:14:18","36","1.00");
INSERT INTO borrow_details VALUES("24","15","174","172","1","1","2019-06-07 14:14:16","36","1.00");
INSERT INTO borrow_details VALUES("25","15","155","154","1","1","2019-06-07 14:14:18","36","1.00");
INSERT INTO borrow_details VALUES("26","16","174","172","1","1","2019-06-07 14:14:16","36","1.00");
INSERT INTO borrow_details VALUES("27","16","155","154","1","1","2019-06-07 14:14:18","36","1.00");
INSERT INTO borrow_details VALUES("28","17","174","172","1","1","2019-06-07 14:14:16","36","1.00");
INSERT INTO borrow_details VALUES("29","17","155","154","1","1","2019-06-07 14:14:18","36","1.00");
INSERT INTO borrow_details VALUES("30","18","174","172","1","1","2019-06-07 14:14:16","36","1.00");
INSERT INTO borrow_details VALUES("31","18","155","154","1","1","2019-06-07 14:14:18","36","1.00");
INSERT INTO borrow_details VALUES("32","19","174","172","1","1","2019-06-07 14:14:16","36","1.00");
INSERT INTO borrow_details VALUES("33","19","155","154","1","1","2019-06-07 14:14:18","36","1.00");
INSERT INTO borrow_details VALUES("34","20","141","140","1","1","2019-04-30 16:33:55","134","1.00");
INSERT INTO borrow_details VALUES("35","21","174","172","1","1","2019-06-07 14:14:16","36","1.00");
INSERT INTO borrow_details VALUES("36","21","155","154","1","1","2019-06-07 14:14:18","36","1.00");
INSERT INTO borrow_details VALUES("37","22","174","172","1","1","2019-06-07 14:14:16","36","1.00");
INSERT INTO borrow_details VALUES("38","22","155","154","1","1","2019-06-07 14:14:18","36","1.00");
INSERT INTO borrow_details VALUES("39","23","174","172","1","1","2019-06-07 14:14:16","36","1.00");
INSERT INTO borrow_details VALUES("40","23","155","154","1","1","2019-06-07 14:14:18","36","1.00");
INSERT INTO borrow_details VALUES("41","24","174","172","1","1","2019-06-07 14:14:16","36","1.00");
INSERT INTO borrow_details VALUES("42","25","174","172","1","1","2019-06-07 14:14:16","36","1.00");
INSERT INTO borrow_details VALUES("43","25","155","154","1","1","2019-06-07 14:14:18","36","1.00");
INSERT INTO borrow_details VALUES("44","26","141","140","1","1","2019-04-30 16:33:55","134","1.00");
INSERT INTO borrow_details VALUES("45","26","155","154","1","1","2019-06-07 14:14:18","36","1.00");
INSERT INTO borrow_details VALUES("46","27","174","172","1","1","2019-06-07 14:14:16","36","1.00");
INSERT INTO borrow_details VALUES("47","27","155","154","1","1","2019-06-07 14:14:18","36","1.00");
INSERT INTO borrow_details VALUES("48","28","174","172","1","1","2019-06-07 14:14:16","36","1.00");
INSERT INTO borrow_details VALUES("49","28","155","154","1","1","2019-06-07 14:14:18","36","1.00");
INSERT INTO borrow_details VALUES("50","28","148","147","1","1","2019-04-30 16:38:18","17","1.00");
INSERT INTO borrow_details VALUES("51","29","174","172","1","1","2019-06-07 14:14:16","36","1.00");
INSERT INTO borrow_details VALUES("52","29","155","154","1","1","2019-06-07 14:14:18","36","1.00");
INSERT INTO borrow_details VALUES("53","29","148","147","1","1","2019-04-30 16:38:18","17","1.00");
INSERT INTO borrow_details VALUES("54","30","174","172","1","1","2019-06-07 14:14:16","36","1.00");
INSERT INTO borrow_details VALUES("55","30","155","154","1","1","2019-06-07 14:14:18","36","1.00");
INSERT INTO borrow_details VALUES("56","31","174","172","1","1","2019-06-07 14:14:16","36","1.00");
INSERT INTO borrow_details VALUES("57","31","155","154","1","1","2019-06-07 14:14:18","36","1.00");
INSERT INTO borrow_details VALUES("58","32","174","172","1","1","2019-06-07 14:14:16","36","1.00");
INSERT INTO borrow_details VALUES("59","32","155","154","1","1","2019-06-07 14:14:18","36","1.00");
INSERT INTO borrow_details VALUES("60","33","141","140","1","0","","0","0.00");
INSERT INTO borrow_details VALUES("61","33","169","168","1","0","","0","0.00");
INSERT INTO borrow_details VALUES("62","34","174","172","1","1","2019-06-07 14:14:16","36","1.00");
INSERT INTO borrow_details VALUES("63","34","155","154","1","1","2019-06-07 14:14:18","36","1.00");
INSERT INTO borrow_details VALUES("64","35","174","172","1","1","2019-06-07 14:14:16","36","1.00");
INSERT INTO borrow_details VALUES("65","35","155","154","1","1","2019-06-07 14:14:18","36","1.00");
INSERT INTO borrow_details VALUES("66","36","174","172","1","1","2019-06-07 14:14:16","36","1.00");
INSERT INTO borrow_details VALUES("67","36","155","154","1","1","2019-06-07 14:14:18","36","1.00");
INSERT INTO borrow_details VALUES("68","37","174","172","1","1","2019-06-07 14:14:16","36","1.00");
INSERT INTO borrow_details VALUES("69","37","155","154","1","1","2019-06-07 14:14:18","36","1.00");
INSERT INTO borrow_details VALUES("70","38","174","172","1","1","2019-06-07 14:14:16","36","1.00");
INSERT INTO borrow_details VALUES("71","38","155","154","1","1","2019-06-07 14:14:18","36","1.00");
INSERT INTO borrow_details VALUES("72","39","262","264","1","1","2019-05-06 11:14:12","133","1.00");
INSERT INTO borrow_details VALUES("75","40","174","172","1","1","2019-06-07 14:14:16","36","1.00");
INSERT INTO borrow_details VALUES("77","40","155","154","1","1","2019-06-07 14:14:18","36","1.00");
INSERT INTO borrow_details VALUES("78","41","174","172","1","1","2019-06-07 14:14:16","36","1.00");
INSERT INTO borrow_details VALUES("79","41","155","154","1","1","2019-06-07 14:14:18","36","1.00");
INSERT INTO borrow_details VALUES("80","42","174","172","1","1","2019-06-07 14:14:16","36","1.00");
INSERT INTO borrow_details VALUES("81","42","155","154","1","1","2019-06-07 14:14:18","36","1.00");
INSERT INTO borrow_details VALUES("82","43","174","172","1","1","2019-06-07 14:14:16","36","1.00");
INSERT INTO borrow_details VALUES("83","43","155","154","1","1","2019-06-07 14:14:18","36","1.00");
INSERT INTO borrow_details VALUES("84","44","174","172","1","1","2019-06-07 14:14:16","36","1.00");
INSERT INTO borrow_details VALUES("85","44","155","154","1","1","2019-06-07 14:14:18","36","1.00");
INSERT INTO borrow_details VALUES("86","45","174","172","1","1","2019-06-07 14:14:16","36","1.00");
INSERT INTO borrow_details VALUES("87","45","174","172","1","1","2019-06-07 14:14:16","36","1.00");
INSERT INTO borrow_details VALUES("88","45","155","154","1","1","2019-06-07 14:14:18","36","1.00");
INSERT INTO borrow_details VALUES("89","46","174","172","1","1","2019-06-07 14:14:16","36","1.00");
INSERT INTO borrow_details VALUES("90","46","155","154","1","1","2019-06-07 14:14:18","36","1.00");
INSERT INTO borrow_details VALUES("91","47","174","172","1","1","2019-06-07 14:14:16","36","1.00");
INSERT INTO borrow_details VALUES("92","47","155","154","1","1","2019-06-07 14:14:18","36","1.00");
INSERT INTO borrow_details VALUES("93","48","174","172","1","1","2019-06-07 14:14:16","36","1.00");
INSERT INTO borrow_details VALUES("94","48","155","154","1","1","2019-06-07 14:14:18","36","1.00");
INSERT INTO borrow_details VALUES("95","49","174","172","1","1","2019-06-07 14:14:16","36","1.00");
INSERT INTO borrow_details VALUES("96","49","155","154","1","1","2019-06-07 14:14:18","36","1.00");
INSERT INTO borrow_details VALUES("97","50","174","172","1","1","2019-06-07 14:14:16","36","1.00");
INSERT INTO borrow_details VALUES("98","50","155","154","1","1","2019-06-07 14:14:18","36","1.00");
INSERT INTO borrow_details VALUES("99","51","174","172","1","1","2019-06-07 14:14:16","36","1.00");
INSERT INTO borrow_details VALUES("100","51","155","154","1","1","2019-06-07 14:14:18","36","1.00");
INSERT INTO borrow_details VALUES("101","52","174","172","1","1","2019-06-07 14:14:16","36","1.00");
INSERT INTO borrow_details VALUES("102","52","155","154","1","1","2019-06-07 14:14:18","36","1.00");
INSERT INTO borrow_details VALUES("103","53","174","172","1","1","2019-06-07 14:14:16","36","1.00");
INSERT INTO borrow_details VALUES("104","53","155","154","1","1","2019-06-07 14:14:18","36","1.00");
INSERT INTO borrow_details VALUES("105","53","264","266","1","1","2019-06-07 14:14:20","36","1.00");
INSERT INTO borrow_details VALUES("106","54","174","172","1","1","2019-06-07 14:14:16","36","1.00");
INSERT INTO borrow_details VALUES("107","54","155","154","1","1","2019-06-07 14:14:18","36","1.00");
INSERT INTO borrow_details VALUES("108","54","264","266","1","1","2019-06-07 14:14:20","36","1.00");
INSERT INTO borrow_details VALUES("109","55","264","266","1","1","2019-06-07 14:14:20","36","1.00");
INSERT INTO borrow_details VALUES("110","55","155","154","1","1","2019-06-07 14:14:18","36","1.00");
INSERT INTO borrow_details VALUES("111","55","174","172","1","1","2019-06-07 14:14:16","36","1.00");
INSERT INTO borrow_details VALUES("112","56","264","266","1","1","2019-06-07 14:14:20","36","1.00");
INSERT INTO borrow_details VALUES("113","56","174","172","1","1","2019-06-07 14:14:16","36","1.00");
INSERT INTO borrow_details VALUES("114","56","155","154","1","1","2019-06-07 14:14:18","36","1.00");
INSERT INTO borrow_details VALUES("115","57","174","172","1","1","2019-06-07 14:14:16","36","1.00");
INSERT INTO borrow_details VALUES("116","57","155","154","1","1","2019-06-07 14:14:18","36","1.00");
INSERT INTO borrow_details VALUES("117","57","264","266","1","1","2019-06-07 14:14:20","36","1.00");
INSERT INTO borrow_details VALUES("118","58","174","172","1","1","2019-06-07 14:14:16","36","1.00");
INSERT INTO borrow_details VALUES("119","58","155","154","1","1","2019-06-07 14:14:18","36","1.00");
INSERT INTO borrow_details VALUES("120","58","264","266","1","1","2019-06-07 14:14:20","36","1.00");
INSERT INTO borrow_details VALUES("121","59","174","172","1","1","2019-06-07 14:14:16","36","1.00");
INSERT INTO borrow_details VALUES("122","59","155","154","1","1","2019-06-07 14:14:18","36","1.00");
INSERT INTO borrow_details VALUES("123","59","264","266","1","1","2019-06-07 14:14:20","36","1.00");
INSERT INTO borrow_details VALUES("124","60","174","172","1","1","2019-06-07 14:14:16","36","1.00");
INSERT INTO borrow_details VALUES("125","60","155","154","1","1","2019-06-07 14:14:18","36","1.00");
INSERT INTO borrow_details VALUES("126","60","264","266","1","1","2019-06-07 14:14:20","36","1.00");
INSERT INTO borrow_details VALUES("127","61","174","172","1","1","2019-06-07 14:14:16","36","1.00");
INSERT INTO borrow_details VALUES("128","61","264","266","1","1","2019-06-07 14:14:20","36","1.00");
INSERT INTO borrow_details VALUES("129","61","155","154","1","1","2019-06-07 14:14:18","36","1.00");
INSERT INTO borrow_details VALUES("130","62","174","172","1","1","2019-06-07 14:14:16","36","1.00");
INSERT INTO borrow_details VALUES("131","62","155","154","1","1","2019-06-07 14:14:18","36","1.00");
INSERT INTO borrow_details VALUES("132","62","264","266","1","1","2019-06-07 14:14:20","36","1.00");
INSERT INTO borrow_details VALUES("133","63","174","172","1","1","2019-06-07 14:14:16","36","1.00");
INSERT INTO borrow_details VALUES("134","63","155","154","1","1","2019-06-07 14:14:18","36","1.00");
INSERT INTO borrow_details VALUES("135","63","264","266","1","1","2019-06-07 14:14:20","36","1.00");





CREATE TABLE `borrow_head` (
  `bh_id` int(11) NOT NULL AUTO_INCREMENT,
  `borrowed_by` int(11) NOT NULL DEFAULT '0',
  `borrowed_date` varchar(20) DEFAULT NULL,
  `borrow_series` varchar(50) DEFAULT NULL,
  `user_id` int(11) DEFAULT '0',
  `create_date` varchar(50) DEFAULT NULL,
  PRIMARY KEY (`bh_id`)
) ENGINE=InnoDB AUTO_INCREMENT=64 DEFAULT CHARSET=latin1;

INSERT INTO borrow_head VALUES("1","21","2019-02-01","BS-2019-01-1001","1","2019-04-30 15:18:10");
INSERT INTO borrow_head VALUES("3","13","2019-02-27","BCD-2019-02-1001","1","2019-04-30 15:51:47");
INSERT INTO borrow_head VALUES("4","29","2019-03-01","BCD-2019-03-1002","1","2019-04-30 15:55:55");
INSERT INTO borrow_head VALUES("5","59","2019-03-07","BS-2019-03-1003","1","2019-04-30 16:04:25");
INSERT INTO borrow_head VALUES("6","59","2019-03-04","BS-2019-03-1004","1","2019-04-30 16:06:47");
INSERT INTO borrow_head VALUES("7","59","2019-03-11","BS-2019-03-1005","1","2019-04-30 16:08:04");
INSERT INTO borrow_head VALUES("8","6","2019-03-12","BCD-2019-03-1006","1","2019-04-30 16:09:43");
INSERT INTO borrow_head VALUES("9","6","2019-03-14","BCD-2019-03-1007","1","2019-04-30 16:10:55");
INSERT INTO borrow_head VALUES("10","13","2019-03-20","BCD-2019-03-1008","1","2019-04-30 16:12:54");
INSERT INTO borrow_head VALUES("11","6","2019-03-21","BCD-2019-03-1009","1","2019-04-30 16:14:13");
INSERT INTO borrow_head VALUES("12","33","2019-03-21","BCD-2019-03-1010","1","2019-04-30 16:14:59");
INSERT INTO borrow_head VALUES("13","36","2019-03-22","BCD-2019-03-1011","1","2019-04-30 16:17:23");
INSERT INTO borrow_head VALUES("14","17","2019-03-25","BCD-2019-03-1012","1","2019-04-30 16:18:49");
INSERT INTO borrow_head VALUES("15","29","2019-03-24","BCD-2019-03-1013","1","2019-04-30 16:19:43");
INSERT INTO borrow_head VALUES("16","59","2019-03-27","BS-2019-03-1014","1","2019-04-30 16:20:55");
INSERT INTO borrow_head VALUES("17","36","2019-03-28","BCD-2019-03-1015","1","2019-04-30 16:21:46");
INSERT INTO borrow_head VALUES("18","17","2019-03-28","BCD-2019-03-1016","1","2019-04-30 16:22:52");
INSERT INTO borrow_head VALUES("19","17","2019-03-29","BCD-2019-03-1017","1","2019-04-30 16:25:20");
INSERT INTO borrow_head VALUES("20","59","2019-03-29","BS-2019-03-1018","1","2019-04-30 16:26:21");
INSERT INTO borrow_head VALUES("21","36","2019-03-29","BCD-2019-03-1019","1","2019-04-30 16:27:50");
INSERT INTO borrow_head VALUES("22","59","2019-03-29","BS-2019-03-1020","1","2019-04-30 16:28:48");
INSERT INTO borrow_head VALUES("23","59","2019-04-01","BS-2019-04-1001","1","2019-04-30 16:30:10");
INSERT INTO borrow_head VALUES("24","29","2019-04-01","BCD-2019-04-1021","1","2019-04-30 16:31:13");
INSERT INTO borrow_head VALUES("25","59","2019-04-03","BS-2019-04-1022","1","2019-04-30 16:32:01");
INSERT INTO borrow_head VALUES("26","134","2019-04-03","BCD-2019-04-1023","1","2019-04-30 16:33:09");
INSERT INTO borrow_head VALUES("27","22","2019-04-04","BCD-2019-04-1024","1","2019-04-30 16:34:17");
INSERT INTO borrow_head VALUES("28","36","2019-04-05","BCD-2019-04-1025","1","2019-04-30 16:35:31");
INSERT INTO borrow_head VALUES("29","17","2019-04-06","BCD-2019-04-1026","1","2019-04-30 16:37:23");
INSERT INTO borrow_head VALUES("30","36","2019-04-11","BCD-2019-04-1027","1","2019-04-30 16:38:34");
INSERT INTO borrow_head VALUES("31","36","2019-04-12","BCD-2019-04-1028","1","2019-04-30 16:40:38");
INSERT INTO borrow_head VALUES("32","29","2019-04-17","BCD-2019-04-1029","1","2019-04-30 16:43:01");
INSERT INTO borrow_head VALUES("33","21","2019-04-23","BS-2019-04-1030","1","2019-04-30 16:44:11");
INSERT INTO borrow_head VALUES("34","36","2019-04-24","BCD-2019-04-1031","1","2019-04-30 16:44:53");
INSERT INTO borrow_head VALUES("35","36","2019-04-26","BCD-2019-04-1032","1","2019-04-30 16:46:12");
INSERT INTO borrow_head VALUES("36","29","2019-04-26","BCD-2019-04-1033","1","2019-04-30 16:49:43");
INSERT INTO borrow_head VALUES("37","4","2019-04-29","BS-2019-04-1034","1","2019-04-30 16:56:02");
INSERT INTO borrow_head VALUES("38","17","2019-04-30","BCD-2019-04-1035","1","2019-04-30 16:59:24");
INSERT INTO borrow_head VALUES("39","133","2019-04-30","BCD-2019-04-1036","1","2019-04-30 17:09:34");
INSERT INTO borrow_head VALUES("40","27","2019-05-02","BCD-2019-05-1001","1","2019-05-02 16:22:08");
INSERT INTO borrow_head VALUES("41","17","2019-05-03","BCD-2019-05-1037","1","2019-05-03 14:17:47");
INSERT INTO borrow_head VALUES("42","17","2019-05-06","BCD-2019-05-1038","1","2019-05-06 11:12:13");
INSERT INTO borrow_head VALUES("43","22","2019-05-07","BCD-2019-05-1039","1","2019-05-07 13:36:49");
INSERT INTO borrow_head VALUES("44","36","2019-05-09","BCD-2019-05-1040","1","2019-05-10 09:21:33");
INSERT INTO borrow_head VALUES("45","17","2019-05-10","BCD-2019-05-1041","1","2019-05-10 09:25:35");
INSERT INTO borrow_head VALUES("46","17","2019-05-10","BCD-2019-05-1042","1","2019-05-10 16:36:46");
INSERT INTO borrow_head VALUES("47","22","2019-05-11","BCD-2019-05-1043","1","2019-05-14 10:34:08");
INSERT INTO borrow_head VALUES("48","24","2019-05-14","BCD-2019-05-1044","1","2019-05-14 10:34:57");
INSERT INTO borrow_head VALUES("49","17","2019-05-16","BCD-2019-05-1045","1","2019-05-23 08:08:41");
INSERT INTO borrow_head VALUES("50","24","2019-05-21","BCD-2019-05-1046","1","2019-05-23 08:10:48");
INSERT INTO borrow_head VALUES("51","17","2019-05-21","BCD-2019-05-1047","1","2019-05-23 08:11:55");
INSERT INTO borrow_head VALUES("52","128","2019-05-22","BCD-2019-05-1048","1","2019-05-23 08:12:56");
INSERT INTO borrow_head VALUES("53","17","2019-05-23","BCD-2019-05-1049","1","2019-05-23 09:01:27");
INSERT INTO borrow_head VALUES("54","36","2019-05-23","BCD-2019-05-1050","1","2019-05-23 13:04:31");
INSERT INTO borrow_head VALUES("55","33","2019-05-23","BCD-2019-05-1051","1","2019-05-23 13:05:39");
INSERT INTO borrow_head VALUES("56","24","2019-05-28","BCD-2019-05-1052","1","2019-06-07 14:05:05");
INSERT INTO borrow_head VALUES("57","17","2019-05-29","BCD-2019-05-1053","1","2019-06-07 14:06:09");
INSERT INTO borrow_head VALUES("58","17","2019-05-30","BCD-2019-05-1054","1","2019-06-07 14:07:11");
INSERT INTO borrow_head VALUES("59","36","2019-05-30","BCD-2019-05-1055","1","2019-06-07 14:08:37");
INSERT INTO borrow_head VALUES("60","36","2019-05-31","BCD-2019-05-1056","1","2019-06-07 14:09:43");
INSERT INTO borrow_head VALUES("61","17","2019-06-03","BCD-2019-06-1001","1","2019-06-07 14:11:21");
INSERT INTO borrow_head VALUES("62","24","2019-06-04","BCD-2019-06-1057","1","2019-06-07 14:12:27");
INSERT INTO borrow_head VALUES("63","36","2019-06-07","BCD-2019-06-1058","1","2019-06-07 14:13:36");





CREATE TABLE `borrow_series` (
  `bseries_id` int(11) NOT NULL AUTO_INCREMENT,
  `borrow_prefix` varchar(50) DEFAULT NULL,
  `series` varchar(50) DEFAULT NULL,
  PRIMARY KEY (`bseries_id`)
) ENGINE=InnoDB AUTO_INCREMENT=66 DEFAULT CHARSET=latin1;

INSERT INTO borrow_series VALUES("1","BS-2019-01","1001");
INSERT INTO borrow_series VALUES("3","BCD-2019-03","1001");
INSERT INTO borrow_series VALUES("4","BCD-2019-01","1002");
INSERT INTO borrow_series VALUES("5","BS-2019-03","1003");
INSERT INTO borrow_series VALUES("6","BS-2019-03","1004");
INSERT INTO borrow_series VALUES("7","BS-2019-03","1005");
INSERT INTO borrow_series VALUES("8","BCD-2019-03","1006");
INSERT INTO borrow_series VALUES("9","BCD-2019-03","1007");
INSERT INTO borrow_series VALUES("10","BCD-2019-03","1008");
INSERT INTO borrow_series VALUES("11","BCD-2019-03","1009");
INSERT INTO borrow_series VALUES("12","BCD-2019-03","1010");
INSERT INTO borrow_series VALUES("13","BCD-2019-03","1011");
INSERT INTO borrow_series VALUES("14","BCD-2019-03","1012");
INSERT INTO borrow_series VALUES("15","BCD-2019-03","1013");
INSERT INTO borrow_series VALUES("16","BS-2019-03","1014");
INSERT INTO borrow_series VALUES("17","BCD-2019-03","1015");
INSERT INTO borrow_series VALUES("18","BCD-2019-03","1016");
INSERT INTO borrow_series VALUES("19","BCD-2019-03","1017");
INSERT INTO borrow_series VALUES("20","BS-2019-03","1018");
INSERT INTO borrow_series VALUES("21","BCD-2019-03","1019");
INSERT INTO borrow_series VALUES("22","BS-2019-03","1020");
INSERT INTO borrow_series VALUES("23","BS-2019-04","1001");
INSERT INTO borrow_series VALUES("24","BCD-2019-04","1021");
INSERT INTO borrow_series VALUES("25","BS-2019-04","1022");
INSERT INTO borrow_series VALUES("26","BCD-2019-04","1023");
INSERT INTO borrow_series VALUES("27","BCD-2019-04","1024");
INSERT INTO borrow_series VALUES("28","BCD-2019-04","1025");
INSERT INTO borrow_series VALUES("29","BCD-2019-04","1026");
INSERT INTO borrow_series VALUES("30","BCD-2019-04","1027");
INSERT INTO borrow_series VALUES("31","BCD-2019-04","1028");
INSERT INTO borrow_series VALUES("32","BCD-2019-04","1029");
INSERT INTO borrow_series VALUES("33","BS-2019-04","1030");
INSERT INTO borrow_series VALUES("34","BCD-2019-04","1031");
INSERT INTO borrow_series VALUES("35","BCD-2019-04","1032");
INSERT INTO borrow_series VALUES("36","BCD-2019-04","1033");
INSERT INTO borrow_series VALUES("37","BS-2019-04","1034");
INSERT INTO borrow_series VALUES("38","BCD-2019-04","1035");
INSERT INTO borrow_series VALUES("39","BCD-2019-04","1036");
INSERT INTO borrow_series VALUES("42","BCD-2019-05","1001");
INSERT INTO borrow_series VALUES("43","BCD-2019-05","1037");
INSERT INTO borrow_series VALUES("44","BCD-2019-05","1038");
INSERT INTO borrow_series VALUES("45","BCD-2019-05","1039");
INSERT INTO borrow_series VALUES("46","BCD-2019-05","1040");
INSERT INTO borrow_series VALUES("47","BCD-2019-05","1041");
INSERT INTO borrow_series VALUES("48","BCD-2019-05","1042");
INSERT INTO borrow_series VALUES("49","BCD-2019-05","1043");
INSERT INTO borrow_series VALUES("50","BCD-2019-05","1044");
INSERT INTO borrow_series VALUES("51","BCD-2019-05","1045");
INSERT INTO borrow_series VALUES("52","BCD-2019-05","1046");
INSERT INTO borrow_series VALUES("53","BCD-2019-05","1047");
INSERT INTO borrow_series VALUES("54","BCD-2019-05","1048");
INSERT INTO borrow_series VALUES("55","BCD-2019-05","1049");
INSERT INTO borrow_series VALUES("56","BCD-2019-05","1050");
INSERT INTO borrow_series VALUES("57","BCD-2019-05","1051");
INSERT INTO borrow_series VALUES("58","BCD-2019-05","1052");
INSERT INTO borrow_series VALUES("59","BCD-2019-05","1053");
INSERT INTO borrow_series VALUES("60","BCD-2019-05","1054");
INSERT INTO borrow_series VALUES("61","BCD-2019-05","1055");
INSERT INTO borrow_series VALUES("62","BCD-2019-05","1056");
INSERT INTO borrow_series VALUES("63","BCD-2019-06","1001");
INSERT INTO borrow_series VALUES("64","BCD-2019-06","1057");
INSERT INTO borrow_series VALUES("65","BCD-2019-06","1058");





CREATE TABLE `category` (
  `category_id` int(11) NOT NULL AUTO_INCREMENT,
  `category_name` varchar(100) DEFAULT NULL,
  PRIMARY KEY (`category_id`)
) ENGINE=InnoDB AUTO_INCREMENT=2 DEFAULT CHARSET=latin1;

INSERT INTO category VALUES("1","Furniture, Fixtures and Equipment");





CREATE TABLE `currency` (
  `currency_id` int(11) NOT NULL AUTO_INCREMENT,
  `currency_name` varchar(20) DEFAULT NULL,
  PRIMARY KEY (`currency_id`)
) ENGINE=InnoDB AUTO_INCREMENT=2 DEFAULT CHARSET=latin1;

INSERT INTO currency VALUES("1","PHP");





CREATE TABLE `damage_info` (
  `damage_id` int(11) NOT NULL AUTO_INCREMENT,
  `incident_date` varchar(20) DEFAULT NULL,
  `etdr_no` varchar(50) DEFAULT NULL,
  `activity` text,
  `et_id` int(11) NOT NULL DEFAULT '0',
  `ed_id` int(11) NOT NULL DEFAULT '0',
  `damage_location` text,
  `accountability` varchar(100) DEFAULT NULL,
  `incident_description` text,
  `equip_damage` text,
  `recommendation` text,
  `submitted_by` int(11) NOT NULL DEFAULT '0',
  `checked_by` int(11) NOT NULL DEFAULT '0',
  `noted_by` int(11) NOT NULL DEFAULT '0',
  `create_date` varchar(20) DEFAULT NULL,
  `user_id` int(11) NOT NULL DEFAULT '0',
  PRIMARY KEY (`damage_id`)
) ENGINE=InnoDB AUTO_INCREMENT=4 DEFAULT CHARSET=latin1;

INSERT INTO damage_info VALUES("1","2019-04-27","BCD-2019-04-1001","Office use","13","13","Office","Zara Joy Gabales","Mouse pointer is stuck","Mouse pointer is stuck","currently it is replaced by a spare/available ps2 mouse.","15","14","0","2019-04-27 11:49:02","3");
INSERT INTO damage_info VALUES("3","2019-05-25","-2019-05-1001","CCTV monitoring","265","267","Cenpri Bacolod","IT Department","The CCTV monitoring stops. ","short circuit","Replace switching adapter","21","3","12","2019-05-27 11:53:37","1");





CREATE TABLE `damage_series` (
  `ds_id` int(11) NOT NULL AUTO_INCREMENT,
  `damage_prefix` varchar(100) DEFAULT NULL,
  `series` int(11) DEFAULT '0',
  PRIMARY KEY (`ds_id`)
) ENGINE=InnoDB AUTO_INCREMENT=4 DEFAULT CHARSET=latin1;

INSERT INTO damage_series VALUES("1","BCD-2019-04","1001");
INSERT INTO damage_series VALUES("3","-2019-05","1001");





CREATE TABLE `department` (
  `department_id` int(11) NOT NULL AUTO_INCREMENT,
  `department_name` varchar(100) DEFAULT NULL,
  PRIMARY KEY (`department_id`)
) ENGINE=InnoDB DEFAULT CHARSET=latin1;






CREATE TABLE `employee_inclusion` (
  `ei_id` int(11) NOT NULL AUTO_INCREMENT,
  `parent_id` int(11) NOT NULL DEFAULT '0',
  `child_id` int(11) NOT NULL DEFAULT '0',
  PRIMARY KEY (`ei_id`)
) ENGINE=InnoDB AUTO_INCREMENT=21 DEFAULT CHARSET=latin1;

INSERT INTO employee_inclusion VALUES("1","121","36");
INSERT INTO employee_inclusion VALUES("2","121","3");
INSERT INTO employee_inclusion VALUES("3","121","14");
INSERT INTO employee_inclusion VALUES("4","121","31");
INSERT INTO employee_inclusion VALUES("5","122","15");
INSERT INTO employee_inclusion VALUES("6","122","17");
INSERT INTO employee_inclusion VALUES("7","127","0");
INSERT INTO employee_inclusion VALUES("8","127","35");
INSERT INTO employee_inclusion VALUES("9","127","33");
INSERT INTO employee_inclusion VALUES("10","127","13");
INSERT INTO employee_inclusion VALUES("11","130","11");
INSERT INTO employee_inclusion VALUES("12","130","2");
INSERT INTO employee_inclusion VALUES("13","130","18");
INSERT INTO employee_inclusion VALUES("14","130","24");
INSERT INTO employee_inclusion VALUES("15","130","38");
INSERT INTO employee_inclusion VALUES("16","130","30");
INSERT INTO employee_inclusion VALUES("17","123","33");
INSERT INTO employee_inclusion VALUES("18","135","4");
INSERT INTO employee_inclusion VALUES("19","135","6");
INSERT INTO employee_inclusion VALUES("20","136","118");





CREATE TABLE `employee_series` (
  `empser_id` int(11) NOT NULL AUTO_INCREMENT,
  `aaf_prefix` varchar(100) DEFAULT NULL,
  `series` int(11) NOT NULL DEFAULT '0',
  PRIMARY KEY (`empser_id`)
) ENGINE=InnoDB AUTO_INCREMENT=125 DEFAULT CHARSET=latin1;

INSERT INTO employee_series VALUES("1","CENPRI-S","1001");
INSERT INTO employee_series VALUES("2","CENPRI-B","1001");
INSERT INTO employee_series VALUES("3","CENPRI-S","1002");
INSERT INTO employee_series VALUES("4","CENPRI-S","1003");
INSERT INTO employee_series VALUES("5","CENPRI-B","1002");
INSERT INTO employee_series VALUES("6","CENPRI-S","1004");
INSERT INTO employee_series VALUES("7","CENPRI-S","1005");
INSERT INTO employee_series VALUES("8","CENPRI-S","1006");
INSERT INTO employee_series VALUES("9","CENPRI-B","1003");
INSERT INTO employee_series VALUES("10","CENPRI-S","1007");
INSERT INTO employee_series VALUES("11","CENPRI-S","1008");
INSERT INTO employee_series VALUES("12","CENPRI-B","1004");
INSERT INTO employee_series VALUES("13","CENPRI-S","1009");
INSERT INTO employee_series VALUES("14","CENPRI-B","1005");
INSERT INTO employee_series VALUES("15","CENPRI-S","1010");
INSERT INTO employee_series VALUES("16","CENPRI-B","1006");
INSERT INTO employee_series VALUES("17","CENPRI-B","1007");
INSERT INTO employee_series VALUES("18","CENPRI-S","1011");
INSERT INTO employee_series VALUES("19","CENPRI-S","1012");
INSERT INTO employee_series VALUES("20","CENPRI-B","1008");
INSERT INTO employee_series VALUES("21","CENPRI-S","1013");
INSERT INTO employee_series VALUES("22","CENPRI-S","1014");
INSERT INTO employee_series VALUES("23","CENPRI-B","1009");
INSERT INTO employee_series VALUES("24","CENPRI-B","1010");
INSERT INTO employee_series VALUES("25","CENPRI-B","1011");
INSERT INTO employee_series VALUES("26","CENPRI-B","1012");
INSERT INTO employee_series VALUES("27","CENPRI-S","1015");
INSERT INTO employee_series VALUES("28","CENPRI-S","1016");
INSERT INTO employee_series VALUES("29","CENPRI-B","1013");
INSERT INTO employee_series VALUES("30","CENPRI-S","1017");
INSERT INTO employee_series VALUES("31","CENPRI-B","1014");
INSERT INTO employee_series VALUES("32","CENPRI-S","1018");
INSERT INTO employee_series VALUES("33","CENPRI-B","1015");
INSERT INTO employee_series VALUES("34","CENPRI-S","1019");
INSERT INTO employee_series VALUES("35","CENPRI-B","1016");
INSERT INTO employee_series VALUES("36","CENPRI-S","1020");
INSERT INTO employee_series VALUES("37","CENPRI-S","1021");
INSERT INTO employee_series VALUES("38","CENPRI-S","1022");
INSERT INTO employee_series VALUES("39","CENPRI-S","1023");
INSERT INTO employee_series VALUES("40","CENPRI-B","1017");
INSERT INTO employee_series VALUES("41","CENPRI-S","1024");
INSERT INTO employee_series VALUES("42","CENPRI-S","1024");
INSERT INTO employee_series VALUES("43","CENPRI-S","1025");
INSERT INTO employee_series VALUES("44","CENPRI-S","1026");
INSERT INTO employee_series VALUES("45","CENPRI-B","1018");
INSERT INTO employee_series VALUES("46","CENPRI-S","1027");
INSERT INTO employee_series VALUES("47","CENPRI-B","1019");
INSERT INTO employee_series VALUES("48","CENPRI-S","1028");
INSERT INTO employee_series VALUES("49","CENPRI-B","1020");
INSERT INTO employee_series VALUES("50","CENPRI-S","1029");
INSERT INTO employee_series VALUES("51","CENPRI-S","1030");
INSERT INTO employee_series VALUES("52","CENPRI-B","1021");
INSERT INTO employee_series VALUES("53","CENPRI-S","1031");
INSERT INTO employee_series VALUES("54","CENPRI-S","1032");
INSERT INTO employee_series VALUES("55","CENPRI-S","1033");
INSERT INTO employee_series VALUES("56","CENPRI-S","1034");
INSERT INTO employee_series VALUES("57","CENPRI-S","1034");
INSERT INTO employee_series VALUES("58","CENPRI-S","1035");
INSERT INTO employee_series VALUES("59","CENPRI-S","1036");
INSERT INTO employee_series VALUES("60","CENPRI-S","1037");
INSERT INTO employee_series VALUES("61","CENPRI-B","1022");
INSERT INTO employee_series VALUES("62","CENPRI-B","1023");
INSERT INTO employee_series VALUES("63","CENPRI-S","1038");
INSERT INTO employee_series VALUES("64","CENPRI-S","1039");
INSERT INTO employee_series VALUES("65","CENPRI-S","1040");
INSERT INTO employee_series VALUES("66","CENPRI-S","1041");
INSERT INTO employee_series VALUES("67","CENPRI-S","1042");
INSERT INTO employee_series VALUES("68","CENPRI-B","1024");
INSERT INTO employee_series VALUES("69","CENPRI-S","1043");
INSERT INTO employee_series VALUES("70","CENPRI-S","1044");
INSERT INTO employee_series VALUES("71","CENPRI-B","1025");
INSERT INTO employee_series VALUES("72","CENPRI-S","1045");
INSERT INTO employee_series VALUES("73","CENPRI-S","1046");
INSERT INTO employee_series VALUES("74","CENPRI-S","1047");
INSERT INTO employee_series VALUES("75","CENPRI-B","1026");
INSERT INTO employee_series VALUES("76","CENPRI-B","1027");
INSERT INTO employee_series VALUES("77","CENPRI-B","1028");
INSERT INTO employee_series VALUES("78","CENPRI-S","1048");
INSERT INTO employee_series VALUES("79","CENPRI-S","1049");
INSERT INTO employee_series VALUES("80","CENPRI-S","1050");
INSERT INTO employee_series VALUES("81","CENPRI-B","1029");
INSERT INTO employee_series VALUES("82","CENPRI-B","1030");
INSERT INTO employee_series VALUES("83","CENPRI-B","1031");
INSERT INTO employee_series VALUES("84","CENPRI-B","1032");
INSERT INTO employee_series VALUES("85","CENPRI-B","1033");
INSERT INTO employee_series VALUES("86","CENPRI-B","1034");
INSERT INTO employee_series VALUES("87","CENPRI-S","1051");
INSERT INTO employee_series VALUES("88","CENPRI-S","1051");
INSERT INTO employee_series VALUES("89","CENPRI-S","1052");
INSERT INTO employee_series VALUES("90","CENPRI-S","1053");
INSERT INTO employee_series VALUES("91","CENPRI-B","1035");
INSERT INTO employee_series VALUES("92","CENPRI-S","1054");
INSERT INTO employee_series VALUES("93","CENPRI-S","1055");
INSERT INTO employee_series VALUES("94","CENPRI-B","1036");
INSERT INTO employee_series VALUES("95","CENPRI-B","1037");
INSERT INTO employee_series VALUES("96","CENPRI-S","1056");
INSERT INTO employee_series VALUES("97","CENPRI-S","1057");
INSERT INTO employee_series VALUES("98","CENPRI-S","1058");
INSERT INTO employee_series VALUES("99","CENPRI-B","1038");
INSERT INTO employee_series VALUES("100","CENPRI-S","1059");
INSERT INTO employee_series VALUES("101","CENPRI-S","1060");
INSERT INTO employee_series VALUES("102","CENPRI-S","1061");
INSERT INTO employee_series VALUES("103","CENPRI-S","1062");
INSERT INTO employee_series VALUES("104","CENPRI-S","1063");
INSERT INTO employee_series VALUES("105","CENPRI-S","1064");
INSERT INTO employee_series VALUES("106","CENPRI-S","1065");
INSERT INTO employee_series VALUES("107","CENPRI-B","1039");
INSERT INTO employee_series VALUES("108","CENPRI-B","1040");
INSERT INTO employee_series VALUES("109","CENPRI-B","1041");
INSERT INTO employee_series VALUES("110","CENPRI-B","1042");
INSERT INTO employee_series VALUES("111","CENPRI-B","1043");
INSERT INTO employee_series VALUES("112","CENPRI-B","1044");
INSERT INTO employee_series VALUES("113","CENPRI-B","1045");
INSERT INTO employee_series VALUES("114","CENPRI-B","1046");
INSERT INTO employee_series VALUES("115","CENPRI-B","1047");
INSERT INTO employee_series VALUES("116","CENPRI-B","1048");
INSERT INTO employee_series VALUES("117","CENPRI-B","1049");
INSERT INTO employee_series VALUES("118","CENPRI-B","1050");
INSERT INTO employee_series VALUES("119","CENPRI-B","1051");
INSERT INTO employee_series VALUES("120","CENPRI-B","1052");
INSERT INTO employee_series VALUES("121","CENPRI-B","1053");
INSERT INTO employee_series VALUES("122","CENPRI-B","1052");
INSERT INTO employee_series VALUES("123","CENPRI-B","1054");
INSERT INTO employee_series VALUES("124","CENPRI-B","1025");





CREATE TABLE `employees` (
  `employee_id` int(11) NOT NULL AUTO_INCREMENT,
  `employee_name` varchar(255) DEFAULT NULL,
  `department` varchar(255) DEFAULT NULL,
  `location_id` int(11) NOT NULL DEFAULT '0',
  `aaf_no` varchar(100) DEFAULT NULL,
  `position` varchar(255) DEFAULT NULL,
  `contact_no` varchar(255) DEFAULT NULL,
  `email` varchar(100) DEFAULT NULL,
  `type` int(11) NOT NULL DEFAULT '0',
  PRIMARY KEY (`employee_id`)
) ENGINE=InnoDB AUTO_INCREMENT=137 DEFAULT CHARSET=latin1;

INSERT INTO employees VALUES("1","Ma. Milagros Arana","Management","1","CENPRI-B-1005","General Manager","0917-5924080","","1");
INSERT INTO employees VALUES("2","Rhea Arsenio","Trading","1","CENPRI-B-1021","Trader","0920-6398529","","1");
INSERT INTO employees VALUES("3","Jonah Faye Benares","IT Department","1","CENPRI-B-1038","Software Development Supervisor","0932-4515369","","1");
INSERT INTO employees VALUES("4","Kervic Bias","Purchasing","0","","Procurement Assistant","0930-2357794","","1");
INSERT INTO employees VALUES("5","Joemarie Calibjo","Admin","1","CENPRI-B-1037","Service Vehicle Driver","0950-2900419","","1");
INSERT INTO employees VALUES("6","Maylen Cabaylo","Purchasing","1","CENPRI-B-1010","Purchasing Officer","09099491894/09234597487","","1");
INSERT INTO employees VALUES("7","Rey  Carbaquil","Admin","1","CENPRI-B-1020","Service Vehicle Driver","0912 5905319","","1");
INSERT INTO employees VALUES("8","Cristy Cesar","Accounting","1","CENPRI-B-1014","Accounting Associate","0916-3961389","","1");
INSERT INTO employees VALUES("9","Gretchen Danoy","Accounting","1","CENPRI-B-1031","Accounting Supervisor","0922-4386979","","1");
INSERT INTO employees VALUES("10","Merry Michelle Dato","Special Projects","2","CENPRI-S-1018","Projects and Asset Management Assistant","0920-5205418","","1");
INSERT INTO employees VALUES("11","Joemar De Los Santos","Trading","1","CENPRI-B-1036","Lead Trader","0923-4187139","","1");
INSERT INTO employees VALUES("12","Imelda Espera","Accounting / Finance","1","CENPRI-B-1034","A/P & Credit Supervisor","0918-6760758","","1");
INSERT INTO employees VALUES("13","Elaisa Jane Febrio","HR/Admin","1","CENPRI-B-1018","HR Assistant","0917-9941917","","1");
INSERT INTO employees VALUES("14","Jason Flor","IT Department","1","CENPRI-B-1035","Software Development Assistant","0939-6488141","","1");
INSERT INTO employees VALUES("15","Zara Joy Gabales","EMG-Billing","1","CENPRI-B-1029","Billing Assistant","0939-1159164","","1");
INSERT INTO employees VALUES("16","Relsie Gallo","0","1","CENPRI-B-1019","0","0","","1");
INSERT INTO employees VALUES("17","Celina Marie Grabillo","EMG-Billing","1","CENPRI-B-1009","Billing & Settlement Officer","0907-4494479","","1");
INSERT INTO employees VALUES("18","Nazario Shyde Jr. Ibaez","Trading","1","CENPRI-B-1016","Trader","0922-3271576","","1");
INSERT INTO employees VALUES("19","Gebby Jalandoni","Accounting","1","CENPRI-B-1023","Accounting Assistant","0909-9579077","","1");
INSERT INTO employees VALUES("20","Caesariane Jo","Trading","1","CENPRI-B-1006","Trader","0927-8212228","","1");
INSERT INTO employees VALUES("21","Lloyd Jamero","IT Department","2","CENPRI-S-1006","IT Specialist","0908-7636105","","1");
INSERT INTO employees VALUES("22","Annavi Lacambra","Accounting","1","CENPRI-B-1003","Corporate Accountant","0932-3649978","","1");
INSERT INTO employees VALUES("23","Ma. Erika Oquiana","Trading","1","CENPRI-B-1004","Trader","0912-4746470/09773640452","","1");
INSERT INTO employees VALUES("24","Charmaine Rei Plaza","Trading","1","CENPRI-B-1011","Energy Market Analyst","0948-9285185","","1");
INSERT INTO employees VALUES("25","Cresilda Mae Ramirez","Accounting","1","CENPRI-B-1013","Internal Auditor","0977-8215247","","1");
INSERT INTO employees VALUES("26","Melanie Rocha","Admin","1","CENPRI-B-1012","Utility","0910-4526879","","1");
INSERT INTO employees VALUES("27","Zyndyryn Rosales","Finance","1","CENPRI-B-1030","Finance Supervisor","0932-8737196","","1");
INSERT INTO employees VALUES("28","Genie Saludo","HR/Admin","1","CENPRI-B-1024","HR Assistant","09272257127/09454569188","","1");
INSERT INTO employees VALUES("29","Daisy Jane Sanchez","Trading","1","CENPRI-B-1015","EMG Manager / WESM Compliance Officer","0932-8773754","","1");
INSERT INTO employees VALUES("30","Rosemarie Sarroza","Trading","1","CENPRI-B-1022","Trader","0917-9512950","","1");
INSERT INTO employees VALUES("31","Stephine David Severino","IT Department","1","CENPRI-B-1026","Software Development Assistant","0977-7106914","","1");
INSERT INTO employees VALUES("32","Henry Sia","Engineering Dept.","1","CENPRI-B-1033","Grid Integration Manager","9177996939","","1");
INSERT INTO employees VALUES("33","Syndey Sinoro","HR/Admin","1","CENPRI-B-1027","HR Supervisor","0923-2802343","","1");
INSERT INTO employees VALUES("34","Marianita Tabilla","Finance","1","CENPRI-B-1007","Finance Assistant","0917-7793318","","1");
INSERT INTO employees VALUES("35","Krystal Gayle Tagalog","HR/Admin","0","","Payroll Assistant","0946-3348559","","1");
INSERT INTO employees VALUES("36","Hennelen Tanan","IT Department","1","CENPRI-B-1032","IT Encoder ","0945-5743745","","1");
INSERT INTO employees VALUES("37","Teresa Tan","Contracts & Compliance","1","CENPRI-B-1028","Contracts & Compliance Asst.","0923-6828813","","1");
INSERT INTO employees VALUES("38","Dary Mae Villas","Trading","1","CENPRI-B-1017","Trader","0930-7871989","","1");
INSERT INTO employees VALUES("39","Marlon Adorio","Electrical & Instrumentation","2","CENPRI-S-1013","E & IC Technician","0912-5896720","","1");
INSERT INTO employees VALUES("40","John Ezequiel Alejandro","Operations","2","CENPRI-S-1058","Auxiliary Operator ","0916-5321090","","1");
INSERT INTO employees VALUES("41","Carlito Alevio","Mechanical Maintenance","2","CENPRI-S-1011","Plant Mechanic","0926-8161359","","1");
INSERT INTO employees VALUES("42","Regina Alova","Trading","2","CENPRI-S-1026","Operations Analyst","09235607021 / 09485342153","","1");
INSERT INTO employees VALUES("43","Rebecca Alunan ","Trading","2","CENPRI-S-1032","Performance Monitoring Supervisor","0906-3425996","","1");
INSERT INTO employees VALUES("44","Fleur de Liz Ambong","Fuel Management","2","CENPRI-S-1035","Fuel Management Asst.","0909-4620177","","1");
INSERT INTO employees VALUES("45","Beverly  Ampog","Operations","2","CENPRI-S-1009","Operations Analyst","0995-3634548","","1");
INSERT INTO employees VALUES("46","Genaro Angulo","Electrical & Instrumentation","2","CENPRI-S-1039","Electrical Supervisor","09196745918","","1");
INSERT INTO employees VALUES("47","Rey Argawanon","Electrical & Instrumentation","2","CENPRI-S-1030","Power Delivery & Technical Manager","0917-8653566","","1");
INSERT INTO employees VALUES("48","Alona Arroyo","Operations","2","CENPRI-S-1004","Operations Planner","0919-3725318","","1");
INSERT INTO employees VALUES("49","Joemillan Baculio","Operations","2","CENPRI-S-1056","Auxiliary Operator","0906-8802652","","1");
INSERT INTO employees VALUES("50","Rashelle Joy Bating","Special Projects","2","CENPRI-S-1023","Projects Coordinator Assistant","0910-1980348","","1");
INSERT INTO employees VALUES("51","Gener Bawar","Machine Shop and Reconditioning","2","CENPRI-S-1041","Machine Shop & Reconditioning Supervisor","0920-2128998","","1");
INSERT INTO employees VALUES("52","Ruel Beato","Mechanical Maintenance","2","CENPRI-S-1040","Plant Mechanic","0939-2369794","","1");
INSERT INTO employees VALUES("53","Mary Grace Bugna","Accounting","2","CENPRI-S-1014","Asset Management Asst.","0930-7765706","","1");
INSERT INTO employees VALUES("54","Vency Cababat","Electrical & Instrumentation","2","CENPRI-S-1048"," E&IC Technician","09267932911 / 09265638526","","1");
INSERT INTO employees VALUES("55","Rusty Canama","Mechanical Maintenance","2","CENPRI-S-1042","Plant Mechanic","0949-1547358","","1");
INSERT INTO employees VALUES("56","Exequil Corino","Operations","2","CENPRI-S-1029","Engine Room Operator","0920-6995646","","1");
INSERT INTO employees VALUES("57","Juanito Dagupan","Operations","2","CENPRI-S-1060","Operation Shift Supervisor","0918-6438993","","1");
INSERT INTO employees VALUES("58","Julyn May Divinagracia","HR/Admin","2","CENPRI-S-1062","Admin Assistant","0930-1553296/0916-6984461","","1");
INSERT INTO employees VALUES("59","Melfa Duis","Purchasing","2","CENPRI-S-1016","Purchasing Assistant","0927-4597157","","1");
INSERT INTO employees VALUES("60","Jerson Factolerin","HR/Admin","2","CENPRI-S-1054","Utility","0932-5420679","","1");
INSERT INTO employees VALUES("61","Julius Fernandez","Operations","2","CENPRI-S-1061","Auxiliary Operator","0918-2685507","","1");
INSERT INTO employees VALUES("62","Luisito Fortuno","Operations","2","CENPRI-S-1007","Auxiliary Operator","0908-3317408","","1");
INSERT INTO employees VALUES("63","Donna Gellada","Warehouse","2","CENPRI-S-1025","Parts Inventory  Assistant","0916-2779697","donna7.cenpri@gmail.com","1");
INSERT INTO employees VALUES("64","Felipe, III Globert","Warehouse","2","CENPRI-S-1034","Warehouse Assistant","0948-7024664","","1");
INSERT INTO employees VALUES("65","Mikko Golvio","Electrical & Instrumentation","2","CENPRI-S-1019","E&IC Technician","0930-9363013","","1");
INSERT INTO employees VALUES("66","Eric Jabiniar","Management","2","CENPRI-S-1028","Plant Director","0917-8607244","","1");
INSERT INTO employees VALUES("67","Jushkyle Jambongana","IT Department","2","CENPRI-S-1063","IT Assistant","0912-3867454","","1");
INSERT INTO employees VALUES("68","Bobby  Jardiniano","HR/Admin","2","CENPRI-S-1010","Service Vehicle Driver","0933-3388374","","1");
INSERT INTO employees VALUES("69","Stephen Jardinico","Warehouse","2","CENPRI-S-1046","Warehouse Assistant","0912 922 1944","","1");
INSERT INTO employees VALUES("70","Joey Labanon","Operations","2","CENPRI-S-1057","Auxiliary Operator Trainee","0910-5787327","","1");
INSERT INTO employees VALUES("71","Roan Renz Liao","Warehouse","2","CENPRI-S-1033","Parts Engineer","0925-4887286","","1");
INSERT INTO employees VALUES("72","Gino Lovico","Machine Shop and Reconditioning","2","CENPRI-S-1045","Foreman (Machine Shop & Recon)","0999-8143307","","1");
INSERT INTO employees VALUES("73","Ricky Madeja","Admin","2","CENPRI-S-1031","Safety Officer","0918-6268028","","1");
INSERT INTO employees VALUES("74","Danilo Maglinte","Operations","2","CENPRI-S-1020","Engine Room Operator","0935-4046632","","1");
INSERT INTO employees VALUES("75","Alex Manilla Jr.","Fuel Management","2","CENPRI-S-1001","Fuel Tender","0999-7353561","","1");
INSERT INTO employees VALUES("76","Concordio Matuod","Electrical Department","2","CENPRI-S-1015","Project Consultant","0915-326-1829","","1");
INSERT INTO employees VALUES("77","Genielyne Mondejar","Admin","2","CENPRI-S-1044","Pollution Control Officer  ","0912-5356230","","1");
INSERT INTO employees VALUES("78","Francis Montero","Mechanical Maintenance","2","CENPRI-S-1037","Plant Mechanic","0918-2063492","","1");
INSERT INTO employees VALUES("79","Andro Ortega","Operations","2","CENPRI-S-1005","Shift Supervisor Trainee","0932-2400663","","1");
INSERT INTO employees VALUES("80","Joselito Panes","Mechanical Maintenance","2","CENPRI-S-1059","Plant Mechanic","0929-2629467","","1");
INSERT INTO employees VALUES("81","Nonito Pocong","Operations","2","CENPRI-S-1021","Control Room Operator","0933-6159620","","1");
INSERT INTO employees VALUES("82","Mario Dante Purisima","Operations","2","CENPRI-S-1012","Shift Supervisor Trainee","0927-1687549","","1");
INSERT INTO employees VALUES("83","Romeo Quiocson Jr.","Special Projects","2","CENPRI-S-1036","Technical Assistant","0927-6537369","","1");
INSERT INTO employees VALUES("84","Lawrence Vincent Roiles","Electrical & Instrumentation","2","CENPRI-S-1002","E&IC Technician","0936-6568781","","1");
INSERT INTO employees VALUES("85","Roy Sabit","Operations","2","CENPRI-S-1038","Control Room Operator","0947-9916563","","1");
INSERT INTO employees VALUES("86","Robert Sabando","Special Projects","2","CENPRI-S-1053","Project Consultant","0927-741-1950","","1");
INSERT INTO employees VALUES("87","Godfrey Stephen Samano","Operations","2","CENPRI-S-1047","O&M Superintendent","0908-6094932","","1");
INSERT INTO employees VALUES("88","Kennah Sasamoto","Testing Group","2","CENPRI-S-1065","Test  Engineer","0977-7842536","","1");
INSERT INTO employees VALUES("89","Iris Sixto","Admin","2","CENPRI-S-1051","Site Facilities Supervisor","0948-2732052","","1");
INSERT INTO employees VALUES("90","Kelwin Sarcauga","Operations","2","CENPRI-S-1064","Engine Room Operator Trainee","0932-1253131","","1");
INSERT INTO employees VALUES("91","Ranie Tabanao","0","2","CENPRI-S-1022","0","0","","1");
INSERT INTO employees VALUES("92","Alexander Tagarda","Operations","2","CENPRI-S-1003","Control Room Operator","0936-2138490","","1");
INSERT INTO employees VALUES("93","Ariel Tandoy","Warehouse","2","CENPRI-S-1008","Driver","0915-9555253","","1");
INSERT INTO employees VALUES("94","Ryan Tignero","Operations","2","CENPRI-S-1043","Shift Supervisor Trainee","0927-2885847","","1");
INSERT INTO employees VALUES("95","Elmer Torrijos","Mechanical Maintenance","2","CENPRI-S-1027","Mechanical Maintenance Supervisor / Equipment & Parts Engr.","0999 677 8341","","1");
INSERT INTO employees VALUES("96","Democrito Urnopia","Mechanical Maintenance","2","CENPRI-S-1024","Plant Mechanic","0930-8736393","","1");
INSERT INTO employees VALUES("97","Jobelle Villarias","Admin","2","CENPRI-S-1055","Company Nurse","0917-1595665","","1");
INSERT INTO employees VALUES("98","Melinda Aquino","Accounting","2","CENPRI-S-1017","Accounting Assistant/ Bookkeeper","0949-3005-813","","1");
INSERT INTO employees VALUES("99","Irish Dawn Torres","Admin","2","CENPRI-S-1052","Site Admin Officer","0932-8657926","","1");
INSERT INTO employees VALUES("100","Vincent Jed Depasupil","Operations","2","CENPRI-S-1049","Auxiliary Operator","","","1");
INSERT INTO employees VALUES("101","William Soltes","","2","CENPRI-S-1050","","","","1");
INSERT INTO employees VALUES("115","Silena Jomiller","Admin Department","1","CENPRI-B-1025","Field Research Associate","","","1");
INSERT INTO employees VALUES("118","Carlos Antonio Leonardia","","1","CENPRI-B-1008","Senior Project Engineer","","","1");
INSERT INTO employees VALUES("119","Liza Marie Tasic","Shoppers Guide","1","CENPRI-B-1002","","","","1");
INSERT INTO employees VALUES("120","Adrian Nemes","Shoppers Guide","1","CENPRI-B-1001","","","","1");
INSERT INTO employees VALUES("121","IT Department","","1","CENPRI-B-1039","","","","2");
INSERT INTO employees VALUES("122","EMG-Billing","","1","CENPRI-B-1040","","","","2");
INSERT INTO employees VALUES("123","Board Room","","1","CENPRI-B-1041","","","","2");
INSERT INTO employees VALUES("124","Ladi Bacong","Shoppers Guide","1","CENPRI-B-1042","","","","1");
INSERT INTO employees VALUES("125","Angelika Caballero","Shoppers Guide","1","CENPRI-B-1043","","","","1");
INSERT INTO employees VALUES("126","Accounting Department","","1","CENPRI-B-1044","","","","2");
INSERT INTO employees VALUES("127","HR Department","","1","CENPRI-B-1045","","","","2");
INSERT INTO employees VALUES("128","Prency Francisco","HR/Admin","1","CENPRI-B-1046","Admin Assistant Trainee","","","1");
INSERT INTO employees VALUES("129","Rose Brenette Gaudite","Admin","1","CENPRI-B-1047","","","","1");
INSERT INTO employees VALUES("130","Trading Department","","1","CENPRI-B-1048","","","","2");
INSERT INTO employees VALUES("131","Rowena Ricarse","Trading Department","1","CENPRI-B-1049","","","","1");
INSERT INTO employees VALUES("132","Glenn Paul Toledo","IT Department","1","CENPRI-B-1050","IT Encoder","","","1");
INSERT INTO employees VALUES("133","Aileen Tamano","HR/Admin","1","CENPRI-B-1051","","","","1");
INSERT INTO employees VALUES("134","Ivy Aizpuro","Finance","1","CENPRI-B-1052","Finance Assistant","","","1");
INSERT INTO employees VALUES("135","Purchasing Department","","1","CENPRI-B-1053","","","","2");
INSERT INTO employees VALUES("136","Engineering","","1","CENPRI-B-1054","","","","2");





CREATE TABLE `et_details` (
  `ed_id` int(11) NOT NULL AUTO_INCREMENT,
  `et_id` int(11) NOT NULL DEFAULT '0',
  `set_id` int(11) NOT NULL DEFAULT '0',
  `physical_id` int(11) NOT NULL DEFAULT '0',
  `rack_id` int(11) NOT NULL DEFAULT '0',
  `placement_id` int(11) NOT NULL DEFAULT '0',
  `serial_no` varchar(50) DEFAULT NULL,
  `brand` varchar(50) DEFAULT NULL,
  `model` varchar(50) DEFAULT NULL,
  `type` varchar(50) DEFAULT NULL,
  `unit_price` decimal(10,2) NOT NULL DEFAULT '0.00',
  `currency` varchar(50) DEFAULT NULL,
  `currency_id` int(11) NOT NULL DEFAULT '0',
  `acquisition_date` varchar(20) DEFAULT NULL,
  `date_issued` varchar(20) DEFAULT NULL,
  `remarks` text,
  `asset_control_no` varchar(50) DEFAULT NULL,
  `damage` int(11) NOT NULL DEFAULT '0',
  `beyond_repair` int(11) NOT NULL DEFAULT '0',
  `borrowed` int(11) NOT NULL DEFAULT '0',
  `acquired_by` varchar(50) DEFAULT NULL,
  `picture1` varchar(255) DEFAULT NULL,
  `picture2` varchar(255) DEFAULT NULL,
  `picture3` varchar(255) DEFAULT NULL,
  `change_location` int(11) NOT NULL DEFAULT '0',
  PRIMARY KEY (`ed_id`)
) ENGINE=InnoDB AUTO_INCREMENT=271 DEFAULT CHARSET=latin1;

INSERT INTO et_details VALUES("1","1","0","0","0","0","IT20190049","Samsung","","","0.00","","0","","","","FFE- COMP-BCD-1001","0","0","0","","","","","0");
INSERT INTO et_details VALUES("2","2","0","0","0","0","ZZDGH4LG801159E","Samsung","S24E310","LS24E310","0.00","","0","","","","FFE- COMP-BCD-1002","0","0","0","","","","","0");
INSERT INTO et_details VALUES("3","3","0","0","0","0","IT20190098","A4Tech","KRS-83","","0.00","","0","","","","FFE- COMP-BCD-1003","0","0","0","","","","","0");
INSERT INTO et_details VALUES("4","5","0","0","0","0","IT20190395","A4Tech","OP-720","","0.00","","0","","","","FFE- COMP-BCD-1004","0","0","0","","","","","0");
INSERT INTO et_details VALUES("5","4","1","0","0","0","J6N0GR03E693245","Asus","Asus VivoBook X540B","","0.00","","0","2019-04-16","2019-04-17","","FFE- COMP-BCD-1004","0","0","0","Silicon Valley","","","","0");
INSERT INTO et_details VALUES("6","6","0","0","0","0","IT20190350","SECURE","","","0.00","","0","","","","FFE- COMP-BCD-1005","0","0","0","","","","","0");
INSERT INTO et_details VALUES("7","7","0","0","0","0","IT20190117","LOYFUN","","","0.00","","0","","","","FFE- COMP-BCD-1006","0","0","0","","","","","0");
INSERT INTO et_details VALUES("8","8","1","0","0","0","0A001-00444700","Asus","PA-1650-33","","0.00","","0","2019-04-16","2019-04-17","","FFE- COMP-BCD-1007","0","0","0","Silicon Valley","","","","0");
INSERT INTO et_details VALUES("9","9","0","0","0","0","IT20190054","Neutron Lite","","","0.00","","0","","","","FFE- COMP-BCD-1008","0","0","0","","","","","0");
INSERT INTO et_details VALUES("10","11","0","0","0","0","IT20190342","SECURE","","","0.00","","0","","","","FFE- COMP-BCD-1009","0","0","0","","","","","0");
INSERT INTO et_details VALUES("11","12","0","0","0","0","ZH2013100005973","Rise","","","0.00","","0","","","","FFE- COMP-BCD-1010","0","0","0","","","","","0");
INSERT INTO et_details VALUES("12","10","0","0","0","0","18104946","Cliptec","RZS842","","0.00","","0","2019-04-16","2019-04-17","Free","FFE- COMP-BCD-1009","0","0","0","Silicon Valley","","","","0");
INSERT INTO et_details VALUES("13","13","0","0","0","0","IT20190019","Optical","","","0.00","","0","","","","FFE- COMP-BCD-1011","1","0","0","","","","","0");
INSERT INTO et_details VALUES("14","14","0","0","0","0","VHAK028956","EPSON","L365","","0.00","","0","","","","FFE-EQU-BCD-1001","0","0","0","","","","","0");
INSERT INTO et_details VALUES("15","16","0","0","0","0","65UHD200A031700267","Devant","","","0.00","","0","","","","FFE- COMP-BCD-1012","0","0","0","","","","","0");
INSERT INTO et_details VALUES("16","15","0","0","0","0","TAD-SDCZ50","SanDisk","Cruzer Blade","","0.00","","0","2019-04-16","2019-04-17","Free","FFE-EQU-BCD-1002","0","0","0","Silicon Valley","","","","0");
INSERT INTO et_details VALUES("17","17","0","0","0","0","2177152001525","TP-LINK","Archer C2","","0.00","","0","","","","FFE- COMP-BCD-1013","0","0","0","","","","","0");
INSERT INTO et_details VALUES("18","18","0","0","0","0","J5NDCX11W504217","ASUS","X510U","","0.00","","0","","","","FFE- COMP-BCD-1014","0","0","0","","","","","0");
INSERT INTO et_details VALUES("19","20","0","0","0","0","0A001-00447100","ASUS","W15-065NIA","","0.00","","0","","","","FFE- COMP-BCD-1015","0","0","0","","","","","0");
INSERT INTO et_details VALUES("20","19","0","0","0","0","241610328295BX","Emerson","PSA-60BX","","0.00","","0","2019-04-16","2019-04-17","Free","FFE- COMP-BCD-1015","0","0","0","Silicon Valley","","","","0");
INSERT INTO et_details VALUES("21","21","0","0","0","0","IT20190164","Manhattan","179416","","0.00","","0","","","","FFE- COMP-BCD-1016","0","0","0","","","","","0");
INSERT INTO et_details VALUES("22","22","0","0","0","0","8886411908010","SoniEar / Quatro 2","","","0.00","","0","","","","FFE- COMP-BCD-1017","0","0","0","","","","","0");
INSERT INTO et_details VALUES("23","23","0","0","0","0","9B1805A02119","APC","BX65OLI-MS","","0.00","","0","","","","FFE- COMP-BCD-1018","0","0","0","","","","","0");
INSERT INTO et_details VALUES("24","24","0","0","0","0","IT20190099","Fortress","","","0.00","","0","","","","FFE- COMP-BCD-1019","0","0","0","","","","","0");
INSERT INTO et_details VALUES("25","25","0","0","0","0","PE1804019190","A4Tech","KRS-85","","0.00","","0","","","","FFE- COMP-BCD-1020","0","0","0","","","","","0");
INSERT INTO et_details VALUES("26","26","0","0","0","0","IT20190245","Delux","M136","","0.00","","0","","","","FFE- COMP-BCD-1021","0","0","0","","","","","0");
INSERT INTO et_details VALUES("27","27","0","0","0","0","9B1817A29252","APC","","","0.00","","0","","","","FFE- COMP-BCD-1022","0","0","0","","","","","0");
INSERT INTO et_details VALUES("28","28","0","0","0","0","ANII31AO23736","AOC","E970Sw","","0.00","","0","","","","FFE- COMP-BCD-1023","0","0","0","","","","","0");
INSERT INTO et_details VALUES("29","29","0","0","0","0","IT20190176","","","","0.00","","0","","","","FFE- COMP-BCD-1024","0","0","0","","","","","0");
INSERT INTO et_details VALUES("30","30","0","0","0","0","IT20190175","Kisonli","","","0.00","","0","","","","FFE- COMP-BCD-1025","0","0","0","","","","","0");
INSERT INTO et_details VALUES("31","31","0","0","0","0","ZH2014110370","Xtyle","","","0.00","","0","","","","FFE- COMP-BCD-1026","0","0","0","","","","","0");
INSERT INTO et_details VALUES("32","33","0","0","0","0","IT20190090","A4Tech","OP-62D","","0.00","","0","","","","FFE- COMP-BCD-1027","0","0","0","","","","","0");
INSERT INTO et_details VALUES("33","34","0","0","0","0","HNWX8101532300588","HKC","1876B","","0.00","","0","","","","FFE- COMP-BCD-1028","0","0","0","","","","","0");
INSERT INTO et_details VALUES("34","32","0","0","0","0","IT20190344","Delux","K6010","","0.00","","0","","","","FFE- COMP-BCD-1027","0","0","0","","","","","0");
INSERT INTO et_details VALUES("35","35","0","0","0","0","IT20190322","SECURE","","","0.00","","0","","","","FFE- COMP-BCD-1029","0","0","0","","","","","0");
INSERT INTO et_details VALUES("36","36","0","0","0","0","DNR-TMARK1215T","Delux","","","0.00","","0","","","","FFE- COMP-BCD-1030","0","0","0","","","","","0");
INSERT INTO et_details VALUES("37","37","0","0","0","0","5051INUB23174","LG","","","0.00","","0","","","","FFE- COMP-BCD-1031","0","0","0","","","","","0");
INSERT INTO et_details VALUES("38","38","0","0","0","0","PB654MAWGK7AE71","Toshiba","TECRA A50-A Series","","0.00","","0","","","","FFE- COMP-BCD-1031","0","0","0","","","","","0");
INSERT INTO et_details VALUES("39","39","0","0","0","0","PH1808038722","A4Tech","OP-720","","0.00","","0","","","","FFE- COMP-BCD-1032","0","0","0","","","","","0");
INSERT INTO et_details VALUES("40","40","0","0","0","0","IT20190359","Kisonli","","","0.00","","0","","","","FFE- COMP-BCD-1032","0","0","0","","","","","0");
INSERT INTO et_details VALUES("41","41","0","0","0","0","TO214030017672A","Toshiba","","","0.00","","0","","","","FFE- COMP-BCD-1033","0","0","0","","","","","0");
INSERT INTO et_details VALUES("42","42","0","0","0","0","IT20190394","Secure","","","0.00","","0","","","","FFE- COMP-BCD-1034","0","0","0","","","","","0");
INSERT INTO et_details VALUES("43","43","0","0","0","0","IT20190343","Orion","","","0.00","","0","","","","FFE- COMP-BCD-1035","0","0","0","","","","","0");
INSERT INTO et_details VALUES("44","44","0","0","0","0","IT20190345","Samsung","","","0.00","","0","","","","FFE- COMP-BCD-1036","0","0","0","Bacolod Sure Computer, Inc.","","","","0");
INSERT INTO et_details VALUES("45","45","0","0","0","0","OLU4HTKG300232D","Samsung","S22E390H","","0.00","","0","","","","FFE- COMP-BCD-1036","0","0","0","","","","","0");
INSERT INTO et_details VALUES("46","47","0","0","0","0","DBS302V1411005652","JIZZ","S302V","","0.00","","0","","","","FFE- COMP-BCD-1037","0","0","0","","","","","0");
INSERT INTO et_details VALUES("47","46","0","0","0","0","IT20190338","TP-Link","","","0.00","","0","","","","FFE- COMP-BCD-1037","0","0","0","","","","","0");
INSERT INTO et_details VALUES("48","48","0","0","0","0","IT20190373","A4Tech","OP-720","","0.00","","0","","","","FFE- COMP-BCD-1038","0","0","0","","","","","0");
INSERT INTO et_details VALUES("49","49","0","0","0","0","IT20190053","A4Tech","KRS-83","","0.00","","0","","","","FFE- COMP-BCD-1039","0","0","0","","","","","0");
INSERT INTO et_details VALUES("50","50","0","0","0","0","APAH41A002236","AOC","E1670Swu/WM","","0.00","","0","","","","FFE- COMP-BCD-1040","0","0","0","","","","","0");
INSERT INTO et_details VALUES("51","51","0","0","0","0","IT20190062","Dausen","","","0.00","","0","","","","FFE- COMP-BCD-1040","0","0","0","","","","","0");
INSERT INTO et_details VALUES("52","52","0","0","0","0","127919","Micropulse","","","0.00","","0","","","","FFE- COMP-BCD-1041","0","0","0","","","","","0");
INSERT INTO et_details VALUES("53","53","0","0","0","0","IT20190207","","","","0.00","","0","","","","FFE- COMP-BCD-1042","0","0","0","","","","","0");
INSERT INTO et_details VALUES("54","54","0","0","0","0","PH1707048733","A4tech","OP-720","","0.00","","0","","","","FFE- COMP-BCD-1043","0","0","0","","","","","0");
INSERT INTO et_details VALUES("55","55","0","0","0","0","IT20190227","Secure","","","0.00","","0","","","","FFE- COMP-BCD-1044","0","0","0","","","","","0");
INSERT INTO et_details VALUES("56","56","0","0","0","0","IT20190194","iLogic","","","0.00","","0","","","","FFE- COMP-BCD-1045","0","0","0","","","","","0");
INSERT INTO et_details VALUES("57","57","0","0","0","0","IT20190399","Powerlogic","H81M-S1","","0.00","","0","","","","FFE- COMP-BCD-1046","0","0","0","","","","","0");
INSERT INTO et_details VALUES("58","58","0","0","0","0","IT20190339","ASUS","","","0.00","","0","","2019-05-07","","FFE- COMP-BCD-1046","0","0","0","","","","","0");
INSERT INTO et_details VALUES("59","59","0","0","0","0","IT20190027","TP-Link","","","0.00","","0","","","","FFE- COMP-BCD-1047","0","0","0","","","","","0");
INSERT INTO et_details VALUES("60","60","0","0","0","0","2015050101350","SECURE","","","0.00","","0","","2019-05-07","","FFE- COMP-BCD-1048","0","0","0","","","","","0");
INSERT INTO et_details VALUES("61","61","0","0","0","0","IT20190265","Delux","M136","","0.00","","0","","2019-05-07","","FFE- COMP-BCD-1049","0","0","0","","","","","0");
INSERT INTO et_details VALUES("62","62","0","0","0","0","K6105J005649","Delux","K6010","","0.00","","0","","2019-05-07","","FFE- COMP-BCD-1050","0","0","0","","","","","0");
INSERT INTO et_details VALUES("63","63","0","0","0","0","IT20190106","LOYFUN","","","0.00","","0","","2019-05-07","","FFE- COMP-BCD-1051","0","0","0","","","","","0");
INSERT INTO et_details VALUES("64","64","0","0","0","0","ENI5072818837","SECURE","","","0.00","","0","","2019-05-07","","FFE- COMP-BCD-1052","0","0","0","","","","","0");
INSERT INTO et_details VALUES("65","65","0","0","0","0","SMVK006903","EPSON","L355","","0.00","","0","","","","FFE-EQU-BCD-1003","0","0","0","","","","","0");
INSERT INTO et_details VALUES("66","66","0","0","0","0","IT20190307","Powerlogic","H81M-S1","","0.00","","0","","","","FFE- COMP-BCD-1053","0","0","0","","","","","0");
INSERT INTO et_details VALUES("67","67","0","0","0","0","IT20190064","Kisonli","","","0.00","","0","","","","FFE- COMP-BCD-1054","0","0","0","","","","","0");
INSERT INTO et_details VALUES("68","69","0","0","0","0","0X23BG3380","ODROID","","","0.00","","0","","","","FFE- COMP-BCD-1055","0","0","0","","","","","0");
INSERT INTO et_details VALUES("69","68","0","0","0","0","PH1707048825","A4Tech","OP-720","","0.00","","0","","","","FFE- COMP-BCD-1055","0","0","0","","","","","0");
INSERT INTO et_details VALUES("70","70","0","0","0","0","IT20190259","Logitech","M-U0026","","0.00","","0","","","","FFE- COMP-BCD-1056","0","0","0","","","","","0");
INSERT INTO et_details VALUES("71","72","0","0","0","0","ZZEGH4LG700B42A","Samsung","S22E310H4","","0.00","","0","","","","FFE- COMP-BCD-1057","0","0","0","","","","","0");
INSERT INTO et_details VALUES("72","71","0","0","0","0","PH1707048739","A4Tech","KRS-83","","0.00","","0","","","","FFE- COMP-BCD-1057","0","0","0","","","","","0");
INSERT INTO et_details VALUES("73","73","0","0","0","0","1540SC50ADDB","Logitech","K120","","0.00","","0","","","","FFE- COMP-BCD-1058","0","0","0","","","","","0");
INSERT INTO et_details VALUES("74","74","0","0","0","0","IT20190248","APC","","","0.00","","0","","","","FFE- COMP-BCD-1059","0","0","0","","","","","0");
INSERT INTO et_details VALUES("75","75","0","0","0","0","KPPH51A005906","AOC","195LM00003","","0.00","","0","","","","FFE- COMP-BCD-1060","0","0","0","","","","","0");
INSERT INTO et_details VALUES("76","76","0","0","0","0","IT20190108","","","","0.00","","0","","","","FFE- COMP-BCD-1061","0","0","0","","","","","0");
INSERT INTO et_details VALUES("77","77","0","0","0","0","CN65270AG4","HP","HP Proliant","","0.00","","0","","","","FFE- COMP-BCD-1062","0","0","0","","","","","0");
INSERT INTO et_details VALUES("78","78","0","0","0","0","ZZD6H4LG801197P","Samsung","S24E310","LS24E310","0.00","","0","","","","FFE- COMP-BCD-1062","0","0","0","","","","","0");
INSERT INTO et_details VALUES("79","79","0","0","0","0","IT20190368","APC","","","0.00","","0","","","","FFE- COMP-BCD-1063","0","0","0","","","","","0");
INSERT INTO et_details VALUES("80","80","0","0","0","0","R3FJ3F2004803","MyDlink","","","0.00","","0","","","","FFE- COMP-BCD-1064","0","0","0","","","","","0");
INSERT INTO et_details VALUES("81","81","0","0","0","0","252001004683","PLDT FIBER","","","0.00","","0","","","","FFE- COMP-BCD-1065","0","0","0","","","","","0");
INSERT INTO et_details VALUES("82","82","0","0","0","0","10A30C67406100","LINKSYS","","","0.00","","0","","","","FFE- COMP-BCD-1066","0","0","0","","","","","0");
INSERT INTO et_details VALUES("83","83","0","0","0","0","IT20190105","","","","0.00","","0","","","","FFE- COMP-BCD-1067","0","0","0","","","","","0");
INSERT INTO et_details VALUES("84","84","0","0","0","0","IT20190185","","","","0.00","","0","","","","FFE- COMP-BCD-1068","0","0","0","","","","","0");
INSERT INTO et_details VALUES("85","85","0","0","0","0","IT20190052","","","","0.00","","0","","","","FFE- COMP-BCD-1069","0","0","0","","","","","0");
INSERT INTO et_details VALUES("86","86","0","0","0","0","IT20190046","HP","","","0.00","","0","","","","FFE- COMP-BCD-1070","0","0","0","","","","","0");
INSERT INTO et_details VALUES("87","87","0","0","0","0","150502841","Cliptee","","","0.00","","0","","","","FFE- COMP-BCD-1071","0","0","0","","","","","0");
INSERT INTO et_details VALUES("88","88","0","0","0","0","IT20190349","Secure","","","0.00","","0","","","","FFE- COMP-BCD-1072","0","0","0","","","","","0");
INSERT INTO et_details VALUES("89","89","0","0","0","0","IT20190069","CD-R King","","","0.00","","0","","","","FFE- COMP-BCD-1073","0","0","0","","","","","0");
INSERT INTO et_details VALUES("90","90","0","0","0","0","NXGVSSP001820050D57600","Acer","Aspire E5-476G","","0.00","","0","","","","FFE- COMP-BCD-1074","0","0","0","","","","","0");
INSERT INTO et_details VALUES("91","91","0","0","0","0","IT20190","","","","0.00","","0","","","","FFE- COMP-BCD-1075","0","0","0","","","","","0");
INSERT INTO et_details VALUES("92","92","0","0","0","0","IT20190169","ILogic","Blazer 720VA","","0.00","","0","","","","FFE- COMP-BCD-1076","0","0","0","","","","","0");
INSERT INTO et_details VALUES("93","93","0","0","0","0","F258351804031267","Acer","A11-065N1A","","0.00","","0","","","","FFE- COMP-BCD-1077","0","0","0","","","","","0");
INSERT INTO et_details VALUES("94","94","0","0","0","0","34201363766","Acer","Acer Aspire E1-432","","0.00","","0","","","","FFE- COMP-BCD-1078","0","0","0","","","","","0");
INSERT INTO et_details VALUES("95","95","0","0","0","0","391W39704RX","Acer","ADD-40KD BB","","0.00","","0","","","","FFE- COMP-BCD-1079","0","0","0","","","","","0");
INSERT INTO et_details VALUES("96","96","0","0","0","0","IT20190273","A4Tech","OP-720","","0.00","","0","","","","FFE- COMP-BCD-1080","0","0","0","","","","","0");
INSERT INTO et_details VALUES("97","97","0","0","0","0","TP3K707273","Epson","L120","","0.00","","0","","","","FFE-EQU-BCD-1004","0","0","0","","","","","0");
INSERT INTO et_details VALUES("98","98","0","0","0","0","IT20190281","","","","0.00","","0","","","","FFE- COMP-BCD-1081","0","0","0","AMT Computer Solutions","","","","0");
INSERT INTO et_details VALUES("99","99","0","0","0","0","HHKE71A000908","AOC","E1670Swu","","0.00","","0","","","","FFE- COMP-BCD-1082","0","0","0","","","","","0");
INSERT INTO et_details VALUES("100","100","0","0","0","0","IT20190141","Xtyle","","","0.00","","0","","","","FFE- COMP-BCD-1083","0","0","0","","","","","0");
INSERT INTO et_details VALUES("101","101","0","0","0","0","IT20190381","Xtyle","Xtyle Optical Mouse","","0.00","","0","","","","FFE- COMP-BCD-1084","0","0","0","","","","","0");
INSERT INTO et_details VALUES("102","102","0","0","0","0","IT20190309","Xtyle","","","0.00","","0","","","","FFE- COMP-BCD-1085","0","0","0","","","","","0");
INSERT INTO et_details VALUES("103","103","0","0","0","0","IT20190226","Secure","","","0.00","","0","","","","FFE- COMP-BCD-1086","0","0","0","","","","","0");
INSERT INTO et_details VALUES("104","104","0","0","0","0","IT20190013","APC 650","","","0.00","","0","","","","FFE- COMP-BCD-1087","0","0","0","","","","","0");
INSERT INTO et_details VALUES("105","105","0","0","0","0","IT20190260","CD-R King","","","0.00","","0","","","","FFE- COMP-BCD-1088","0","0","0","","","","","0");
INSERT INTO et_details VALUES("106","106","0","0","0","0","IT20190057","Powerlogic","","","0.00","","0","","","","FFE- COMP-BCD-1089","0","0","0","AMT Computer Solutions","","","","0");
INSERT INTO et_details VALUES("107","107","0","0","0","0","42600622085","Acer","P166HQL","","0.00","","0","","","","FFE- COMP-BCD-1090","0","0","0","","","","","0");
INSERT INTO et_details VALUES("108","108","0","0","0","0","PH1709032216","A4Tech","KRS-83","","0.00","","0","","","","FFE- COMP-BCD-1091","0","0","0","","","","","0");
INSERT INTO et_details VALUES("109","109","0","0","0","0","IT20190332","Delux","M136","","0.00","","0","","","","FFE- COMP-BCD-1092","0","0","0","","","","","0");
INSERT INTO et_details VALUES("110","111","0","0","0","0","231803501664","iLogic","Blazer 720VA","","0.00","","0","","","","FFE- COMP-BCD-1093","0","0","0","","","","","0");
INSERT INTO et_details VALUES("111","112","0","0","0","0","IT20190288","","","","0.00","","0","","2019-03-04","","FFE- COMP-BCD-1094","0","0","0","PC REM","","","","0");
INSERT INTO et_details VALUES("112","110","0","0","0","0","ITBCD1033","","","","0.00","","0","","","","FFE- COMP-BCD-1093","0","0","0","","","","","0");
INSERT INTO et_details VALUES("113","113","0","0","0","0","GCRF21A002880","AOC","E1670Swu","","0.00","","0","","2019-03-04","","FFE- COMP-BCD-1095","0","0","0","","","","","0");
INSERT INTO et_details VALUES("114","114","0","0","0","0","PE1711040197","A4Tech","KRS-85","","0.00","","0","","2019-03-04","","FFE- COMP-BCD-1096","0","0","0","","","","","0");
INSERT INTO et_details VALUES("115","116","0","0","0","0","PE1711040378","A4Tech","OP-720","","0.00","","0","","2019-03-04","","FFE- COMP-BCD-1097","0","0","0","","","","","0");
INSERT INTO et_details VALUES("116","115","0","0","0","0","ITBCD1113","Delux","K6010","","0.00","","0","","","","FFE- COMP-BCD-1097","0","0","0","","","","","0");
INSERT INTO et_details VALUES("117","117","0","0","0","0","231803501664","APC","Back UPS 650","","0.00","","0","","2019-03-04","","FFE- COMP-BCD-1098","0","0","0","","","","","0");
INSERT INTO et_details VALUES("118","118","0","0","0","0","ITBCD1110","Xtyle","","","0.00","","0","","","","FFE- COMP-BCD-1099","0","0","0","","","","","0");
INSERT INTO et_details VALUES("119","119","0","0","0","0","IT20190182","","","","0.00","","0","","","","FFE- COMP-BCD-1099","0","0","0","","","","","0");
INSERT INTO et_details VALUES("120","120","0","0","0","0","HNDGIIA001432","AOC","E970Swu","","0.00","","0","","","","FFE- COMP-BCD-1100","0","0","0","","","","","0");
INSERT INTO et_details VALUES("121","121","0","0","0","0","IT20190377","Delux","K6010","","0.00","","0","","","","FFE- COMP-BCD-1101","0","0","0","","","","","0");
INSERT INTO et_details VALUES("122","122","0","0","0","0","DSS-TMARKS16","Delux","","","0.00","","0","","","","FFE- COMP-BCD-1102","0","0","0","","","","","0");
INSERT INTO et_details VALUES("123","123","0","0","0","0","9B1646A05761","APC","Back UPS 650","","0.00","","0","","","","FFE- COMP-BCD-1103","0","0","0","","","","","0");
INSERT INTO et_details VALUES("124","124","0","0","0","0","KPPH51A005983","AOC","","","0.00","","0","","","","FFE- COMP-BCD-1103","0","0","0","","","","","0");
INSERT INTO et_details VALUES("125","126","0","0","0","0","217B148009878","TP-Link","TL-WN727N","","0.00","","0","","","","FFE- COMP-BCD-1104","0","0","0","","","","","0");
INSERT INTO et_details VALUES("126","127","0","0","0","0","C83A35C39342","Tenda","W322U","","0.00","","0","","","","FFE- COMP-BCD-1104","0","0","0","","","","","0");
INSERT INTO et_details VALUES("127","128","0","0","0","0","NXV9USP018602033587600","Acer","","","0.00","","0","","","","FFE- COMP-BCD-1105","0","0","0","","","","","0");
INSERT INTO et_details VALUES("128","129","0","0","0","0","M136GX1711000668","Delux","M136","","0.00","","0","","","","FFE- COMP-BCD-1106","0","0","0","","","","","0");
INSERT INTO et_details VALUES("129","130","0","0","0","0","6ARW53908NE","Acer","ADP-65VH D","","0.00","","0","","","","FFE- COMP-BCD-1107","0","0","0","","","","","0");
INSERT INTO et_details VALUES("130","131","0","0","0","0","KCYH51A002188","AOC","","","0.00","","0","","","","FFE- COMP-BCD-1108","0","0","0","","","","","0");
INSERT INTO et_details VALUES("131","132","0","0","0","0","PE1706021578","A4Tech","KRS-85","","0.00","","0","","","","FFE- COMP-BCD-1109","0","0","0","","","","","0");
INSERT INTO et_details VALUES("132","133","0","0","0","0","PE1706017064","A4Tech","OP-720","","0.00","","0","","","","FFE- COMP-BCD-1110","0","0","0","","","","","0");
INSERT INTO et_details VALUES("133","134","0","0","0","0","IT20190068","Fortress","","","0.00","","0","","","","FFE- COMP-BCD-1111","0","0","0","","","","","0");
INSERT INTO et_details VALUES("134","135","0","0","0","0","IT20190134","Remark","","","0.00","","0","","","","FFE- COMP-BCD-1112","0","0","0","","","","","0");
INSERT INTO et_details VALUES("135","136","0","0","0","0","IT20190361","Fortress","","","0.00","","0","","","","FFE- COMP-BCD-1113","0","0","0","","","","","0");
INSERT INTO et_details VALUES("136","137","0","0","0","0","QS3J1E6006617","D-Link","DWA-123","","0.00","","0","","","","FFE- COMP-BCD-1114","0","0","0","","","","","0");
INSERT INTO et_details VALUES("137","138","0","0","0","0","AU0A1733003873","Philips","BDM4037UW/71","","0.00","","0","","","","FFE- COMP-BCD-1115","0","0","0","","","","","0");
INSERT INTO et_details VALUES("138","139","0","0","0","0","IT20190314","A4Tech","KRS-85","","0.00","","0","","","","FFE- COMP-BCD-1116","0","0","0","","","","","0");
INSERT INTO et_details VALUES("139","140","0","0","0","0","IT20190160","A4Tech","OP-720","","0.00","","0","","","","FFE- COMP-BCD-1117","0","0","0","","","","","0");
INSERT INTO et_details VALUES("140","141","0","0","0","0","IT20190329","NEC","VY24GD-9","","0.00","","0","","","","FFE- COMP-BCD-1118","0","0","1","","","","","0");
INSERT INTO et_details VALUES("141","142","0","0","0","0","IT20190256","Orion","","","0.00","","0","","","","FFE- COMP-BCD-1118","0","0","0","","","","","0");
INSERT INTO et_details VALUES("142","143","0","0","0","0","128956","Micropulse Persono Series","","","0.00","","0","","","","FFE- COMP-BCD-1119","0","0","0","","","","","0");
INSERT INTO et_details VALUES("143","144","0","0","0","0","9B1549A06964","APC","","","0.00","","0","","","","FFE- COMP-BCD-1120","0","0","0","","","","","0");
INSERT INTO et_details VALUES("144","145","0","0","0","0","AU0A1733003872","Philips","BDM4037UW/71","","0.00","","0","","","","FFE- COMP-BCD-1121","0","0","0","","","","","0");
INSERT INTO et_details VALUES("145","146","0","0","0","0","IT20190009","Cliptec","RZK247","","0.00","","0","","","","FFE- COMP-BCD-1122","0","0","0","","","","","0");
INSERT INTO et_details VALUES("146","147","0","0","0","0","PH1703OP62003629","A4Tech","","","0.00","","0","","","","FFE- COMP-BCD-1123","0","0","0","","","","","0");
INSERT INTO et_details VALUES("147","148","0","0","0","0","IT20190021","Kisonli","","","0.00","","0","","2019-04-30","","FFE- COMP-BCD-1124","0","0","0","","","","","0");
INSERT INTO et_details VALUES("148","149","0","0","0","0","IT20190340","Orion","","","0.00","","0","","","","FFE- COMP-BCD-1125","0","0","0","","","","","0");
INSERT INTO et_details VALUES("149","150","0","0","0","0","129291","Micropulse Persono Series","","","0.00","","0","","","","FFE- COMP-BCD-1126","0","0","0","","","","","0");
INSERT INTO et_details VALUES("150","151","0","0","0","0","IT20190211","APC","","","0.00","","0","","","","FFE- COMP-BCD-1127","0","0","0","","","","","0");
INSERT INTO et_details VALUES("151","153","0","0","0","0","IT20190036","INFINI","","","0.00","","0","","","","FFE- COMP-BCD-1128","0","0","0","","","","","0");
INSERT INTO et_details VALUES("152","152","0","0","0","0","0LU4HTMG200602Z","Samsung","S22E390H","LS22E390","0.00","","0","","","","FFE- COMP-BCD-1128","0","0","0","","","","","0");
INSERT INTO et_details VALUES("153","154","0","0","0","0","IT20190124","A4Tech","","","0.00","","0","","","","FFE- COMP-BCD-1129","0","0","0","","","","","0");
INSERT INTO et_details VALUES("154","155","0","0","0","0","IT20190047","A4Tech","OP-720","","0.00","","0","","2019-06-07","","FFE- COMP-BCD-1129","0","0","0","","","","","0");
INSERT INTO et_details VALUES("155","156","0","0","0","0","IT20190397","A4Tech","OP-720","","0.00","","0","","","","FFE- COMP-BCD-1130","0","0","0","","","","","0");
INSERT INTO et_details VALUES("156","157","0","0","0","0","IT20190202","Orion","","","0.00","","0","","","","FFE- COMP-BCD-1131","0","0","0","","","","","0");
INSERT INTO et_details VALUES("157","158","0","0","0","0","IT20190082","Micropulse Persono Series","","","0.00","","0","","","","FFE- COMP-BCD-1132","0","0","0","","","","","0");
INSERT INTO et_details VALUES("158","160","0","0","0","0","","TP-Link","","","0.00","","0","","","","FFE- COMP-BCD-1133","0","0","0","","","","","0");
INSERT INTO et_details VALUES("159","159","0","0","0","0","IT20190249","Secure","","","0.00","","0","","","","FFE- COMP-BCD-1133","0","0","0","","","","","0");
INSERT INTO et_details VALUES("160","161","0","0","0","0","IT20190126","Dausen","","","0.00","","0","","","","FFE- COMP-BCD-1134","0","0","0","","","","","0");
INSERT INTO et_details VALUES("161","162","0","0","0","0","ANII31A024617","AOC","","","0.00","","0","","","","FFE- COMP-BCD-1135","0","0","0","","","","","0");
INSERT INTO et_details VALUES("162","163","0","0","0","0","PE1804019192","A4Tech","KRS-85","","0.00","","0","","","","FFE- COMP-BCD-1136","0","0","0","","","","","0");
INSERT INTO et_details VALUES("163","164","0","0","0","0","PE1804020129","A4Tech","OP-720","","0.00","","0","","","","FFE- COMP-BCD-1137","0","0","0","","","","","0");
INSERT INTO et_details VALUES("164","165","0","0","0","0","IT20190358","Fortress","","","0.00","","0","","","","FFE- COMP-BCD-1138","0","0","0","","","","","0");
INSERT INTO et_details VALUES("165","166","0","0","0","0","","TP-Link","","","0.00","","0","","","","FFE- COMP-BCD-1139","0","0","0","","","","","0");
INSERT INTO et_details VALUES("166","167","0","0","0","0","S45K033549","Epson","L355","C462J","0.00","","0","","","","FFE- COMP-BCD-1140","0","0","0","","","","","0");
INSERT INTO et_details VALUES("167","168","0","0","0","0","06-2015 129230","Micropulse","","","0.00","","0","","","","FFE- COMP-BCD-1141","0","0","0","","","","","0");
INSERT INTO et_details VALUES("168","169","0","0","0","0","9803761DB","NEC","ADP-90YB E","","0.00","","0","","","","FFE- COMP-BCD-1142","0","0","1","","","","","0");
INSERT INTO et_details VALUES("169","170","0","0","0","0","602W03505VDA","Delta Electronics, Inc.","ADP-65HB BB","","0.00","","0","","","","FFE- COMP-BCD-1143","0","0","0","","","","","0");
INSERT INTO et_details VALUES("170","172","0","0","0","0","GHC1411300372","Xtyle","","","0.00","","0","","","","FFE- COMP-BCD-1144","0","0","0","","","","","0");
INSERT INTO et_details VALUES("171","173","0","0","0","0","IT20190263","Secure","","","0.00","","0","","","","FFE- COMP-BCD-1145","0","0","0","","","","","0");
INSERT INTO et_details VALUES("172","174","0","0","0","0","NXMN6SP0012440E8547600","Acer","E5-471 Series","","0.00","","0","","2019-06-07","","FFE- COMP-BCD-1146","0","0","0","","","","","0");
INSERT INTO et_details VALUES("173","175","0","0","0","0","IT20190173","Toshiba","dynabook R634/K","","0.00","","0","","","","FFE- COMP-BCD-1147","0","0","0","","","","","0");
INSERT INTO et_details VALUES("174","177","0","0","0","0","IT20190356","Toshiba","PA3917U-1ACA","","0.00","","0","","","","FFE- COMP-BCD-1148","0","0","0","","","","","0");
INSERT INTO et_details VALUES("175","178","0","0","0","0","IT20190125","Delux","M136","","0.00","","0","","","","FFE- COMP-BCD-1149","0","0","0","","","","","0");
INSERT INTO et_details VALUES("176","179","0","0","0","0","IT20190387 / MMT6MSS003802001693E00","Acer","EB192Q","","0.00","","0","","","","FFE- COMP-BCD-1150","0","0","0","","","","","0");
INSERT INTO et_details VALUES("177","180","0","0","0","0","IT20190320","A4tech","KRS-83","","0.00","","0","","","","FFE- COMP-BCD-1151","0","0","0","","","","","0");
INSERT INTO et_details VALUES("178","181","0","0","0","0","IT20190184","A4tech","OP-720","","0.00","","0","","","","FFE- COMP-BCD-1152","0","0","0","","","","","0");
INSERT INTO et_details VALUES("179","182","0","0","0","0","IT20190020","NEUTRON ODYSSEY","","","0.00","","0","","","","FFE- COMP-BCD-1153","0","0","0","","","","","0");
INSERT INTO et_details VALUES("180","183","0","0","0","0","IT20190367","IDEAL","PSL-500","","0.00","","0","","","","FFE- COMP-BCD-1154","0","0","0","","","","","0");
INSERT INTO et_details VALUES("181","184","0","0","0","0","IT20190374","iLogic","Blazer 720VA","","0.00","","0","","","","FFE- COMP-BCD-1155","0","0","0","","","","","0");
INSERT INTO et_details VALUES("182","185","0","0","0","0","IT20190308","Epson","DS-1630","","0.00","","0","","","","FFE-EQU-BCD-1005","0","0","0","","","","","0");
INSERT INTO et_details VALUES("183","186","0","0","0","0","IT20190326","LB-Link","","","0.00","","0","","","","FFE- COMP-BCD-1156","0","0","0","","","","","0");
INSERT INTO et_details VALUES("184","187","0","0","0","0","IT20190174","AOC","","","0.00","","0","","","","FFE- COMP-BCD-1157","0","0","0","","","","","0");
INSERT INTO et_details VALUES("185","188","0","0","0","0","IT20190252","A4tech","KRS-85","","0.00","","0","","","","FFE- COMP-BCD-1158","0","0","0","","","","","0");
INSERT INTO et_details VALUES("186","189","0","0","0","0","IT20190145 / PE17060170176","A4tech","OP-720","","0.00","","0","","","","FFE- COMP-BCD-1159","0","0","0","","","","","0");
INSERT INTO et_details VALUES("187","190","0","0","0","0","IT20190220","SECURE","","","0.00","","0","","","","FFE- COMP-BCD-1160","0","0","0","","","","","0");
INSERT INTO et_details VALUES("188","191","0","0","0","0","IT20190232","Fortress","","","0.00","","0","","","","FFE- COMP-BCD-1161","0","0","0","","","","","0");
INSERT INTO et_details VALUES("189","192","0","0","0","0","IT20190250","APC","","","0.00","","0","","","","FFE- COMP-BCD-1162","0","0","0","","","","","0");
INSERT INTO et_details VALUES("190","193","0","0","0","0","IT20190267 / MMLY0SS00343405DA08502","Acer","V196HQL","","0.00","","0","","","","FFE- COMP-BCD-1163","0","0","0","","","","","0");
INSERT INTO et_details VALUES("191","194","0","0","0","0","IT20190153","A4tech","KRS-83","","0.00","","0","","","","FFE- COMP-BCD-1164","0","0","0","","","","","0");
INSERT INTO et_details VALUES("192","195","0","0","0","0","IT20190390","Logitech","b100","","0.00","","0","","","","FFE- COMP-BCD-1165","0","0","0","","","","","0");
INSERT INTO et_details VALUES("193","196","0","0","0","0","IT20190073","","","","0.00","","0","","","","FFE- COMP-BCD-1166","0","0","0","","","","","0");
INSERT INTO et_details VALUES("194","197","0","0","0","0","IT20190107","iLogic","","","0.00","","0","","","","FFE- COMP-BCD-1167","0","0","0","","","","","0");
INSERT INTO et_details VALUES("195","198","0","0","0","0","IT20190187","SECURE","","","0.00","","0","","","","FFE- COMP-BCD-1168","0","0","0","","","","","0");
INSERT INTO et_details VALUES("196","199","0","0","0","0","IT20190122 / VCHY042362","EPSON","J371A","","0.00","","0","","","","FFE-EQU-BCD-1006","0","0","0","","","","","0");
INSERT INTO et_details VALUES("197","200","0","0","0","0","IT20190392","Kisonli","","","0.00","","0","","","","FFE- COMP-BCD-1169","0","0","0","","","","","0");
INSERT INTO et_details VALUES("198","201","0","0","0","0","JBUEC1A002381","AOC","","","0.00","","0","","","","FFE- COMP-BCD-1170","0","0","0","","","","","0");
INSERT INTO et_details VALUES("199","202","0","0","0","0","PH1708049555","A4Tech","OP-720","","0.00","","0","","","","FFE- COMP-BCD-1171","0","0","0","","","","","0");
INSERT INTO et_details VALUES("200","203","0","0","0","0","IT20190127","A4Tech","KRS-83","","0.00","","0","","","","FFE- COMP-BCD-1172","0","0","0","","","","","0");
INSERT INTO et_details VALUES("201","204","0","0","0","0","IT20190391","APC","","","0.00","","0","","","","FFE- COMP-BCD-1173","0","0","0","","","","","0");
INSERT INTO et_details VALUES("202","205","0","0","0","0","IT20190162","","","","0.00","","0","","","","FFE- COMP-BCD-1174","0","0","0","","","","","0");
INSERT INTO et_details VALUES("203","206","0","0","0","0","IT20190088","","","","0.00","","0","","","","FFE- COMP-BCD-1175","0","0","0","","","","","0");
INSERT INTO et_details VALUES("204","207","0","0","0","0","IT20190005","Delkin","","","0.00","","0","","","","FFE- COMP-BCD-1176","0","0","0","","","","","0");
INSERT INTO et_details VALUES("205","208","0","0","0","0","PH1707048729","A4Tech","KRS-83","","0.00","","0","","","","FFE- COMP-BCD-1177","0","0","0","","","","","0");
INSERT INTO et_details VALUES("206","209","0","0","0","0","1312300160","Optical","","","0.00","","0","","","","FFE- COMP-BCD-1178","0","0","0","","","","","0");
INSERT INTO et_details VALUES("207","210","0","0","0","0","KPPH51A005310","AOC","","","0.00","","0","","","","FFE- COMP-BCD-1179","0","0","0","","","","","0");
INSERT INTO et_details VALUES("208","211","0","0","0","0","IT20190063","AOC","","","0.00","","0","","","","FFE- COMP-BCD-1180","0","0","0","","","","","0");
INSERT INTO et_details VALUES("209","212","0","0","0","0","IT20190238 / PH1801038642","A4TECH","KRS-83","","0.00","","0","","","","FFE- COMP-BCD-1181","0","0","0","","","","","0");
INSERT INTO et_details VALUES("210","213","0","0","0","0","IT20190271 / PH1707048643","A4TECH","OP-720","","0.00","","0","","","","FFE- COMP-BCD-1182","0","0","0","","","","","0");
INSERT INTO et_details VALUES("211","214","0","0","0","0","IT-20190007","Rise","","","0.00","","0","","","","FFE- COMP-BCD-1183","0","0","0","","","","","0");
INSERT INTO et_details VALUES("212","215","0","0","0","0","IT-20190234","iLogic","","","0.00","","0","","","","FFE- COMP-BCD-1184","0","0","0","","","","","0");
INSERT INTO et_details VALUES("213","216","0","0","0","0","IT2019086","","","","0.00","","0","","","","FFE- COMP-BCD-1185","0","0","0","","","","","0");
INSERT INTO et_details VALUES("214","217","0","0","0","0","ERUD81A001736","AOC","1E660SW","","0.00","","0","","","","FFE- COMP-BCD-1186","0","0","0","","","","","0");
INSERT INTO et_details VALUES("215","218","0","0","0","0","IT2019030","A4Tech","OP-720","","0.00","","0","","","","FFE- COMP-BCD-1187","0","0","0","","","","","0");
INSERT INTO et_details VALUES("216","219","0","0","0","0","IT2019065","A4Tech","KRS-83","","0.00","","0","","","","FFE- COMP-BCD-1188","0","0","0","","","","","0");
INSERT INTO et_details VALUES("217","220","0","0","0","0","IT20190156","Delkin","","","0.00","","0","","","","FFE- COMP-BCD-1189","0","0","0","","","","","0");
INSERT INTO et_details VALUES("218","221","0","0","0","0","XX-205A","Tsunami","","","0.00","","0","","","","FFE- COMP-BCD-1190","0","0","0","","","","","0");
INSERT INTO et_details VALUES("219","222","0","0","0","0","IT20190008","AOC","","","0.00","","0","","","","FFE- COMP-BCD-1191","0","0","0","","","","","0");
INSERT INTO et_details VALUES("220","223","0","0","0","0","IT20190285 / OSS-TMARK516","Delux","K6010","","0.00","","0","","","","FFE- COMP-BCD-1192","0","0","0","","","","","0");
INSERT INTO et_details VALUES("221","224","0","0","0","0","IT20190328","A4tech","OP-720","","0.00","","0","","","","FFE- COMP-BCD-1193","0","0","0","","","","","0");
INSERT INTO et_details VALUES("222","225","0","0","0","0","IT20190370","","","","0.00","","0","","","","FFE- COMP-BCD-1194","0","0","0","","","","","0");
INSERT INTO et_details VALUES("223","226","0","0","0","0","IT20190133","SECURE","","","0.00","","0","","","","FFE- COMP-BCD-1195","0","0","0","","","","","0");
INSERT INTO et_details VALUES("224","227","0","0","0","0","","Tsunami","XX-205B","","0.00","","0","","","","FFE- COMP-BCD-1196","0","0","0","","","","","0");
INSERT INTO et_details VALUES("225","228","0","0","0","0","IT20190067","Philips","","","0.00","","0","","","","FFE- COMP-BCD-1197","0","0","0","","","","","0");
INSERT INTO et_details VALUES("226","229","0","0","0","0","IT20190167","A4tech","","","0.00","","0","","","","FFE- COMP-BCD-1198","0","0","0","","","","","0");
INSERT INTO et_details VALUES("227","230","0","0","0","0","IT20190004","A4tech","","","0.00","","0","","","","FFE- COMP-BCD-1199","0","0","0","","","","","0");
INSERT INTO et_details VALUES("228","231","0","0","0","0","IT20190132","APC","","","0.00","","0","","","","FFE- COMP-BCD-1200","0","0","0","","","","","0");
INSERT INTO et_details VALUES("229","232","0","0","0","0","IT20190278","SECURE","","","0.00","","0","","","","FFE- COMP-BCD-1201","0","0","0","","","","","0");
INSERT INTO et_details VALUES("230","233","0","0","0","0","IT20190059","PowerLogic","","","0.00","","0","","","","FFE- COMP-BCD-1202","0","0","0","","","","","0");
INSERT INTO et_details VALUES("231","234","0","0","0","0","IT20190045","ASUS","R455L","","0.00","","0","","","","FFE- COMP-BCD-1203","0","0","0","","","","","0");
INSERT INTO et_details VALUES("232","235","0","0","0","0","IT20190277","ASUS","ADP-65GD 8","","0.00","","0","","","","FFE-COMP-BCD-1204","0","0","0","","","","","0");
INSERT INTO et_details VALUES("233","236","0","0","0","0","IT20190304","Epson","L355","","0.00","","0","","","","FFE- COMP-BCD-1204","0","0","0","","","","","0");
INSERT INTO et_details VALUES("234","237","0","0","0","0","IT20190016","AOC","","","0.00","","0","","","","FFE- COMP-BCD-1205","0","0","0","","","","","0");
INSERT INTO et_details VALUES("235","238","0","0","0","0","IT20190146","Xtyle","","","0.00","","0","","","","FFE- COMP-BCD-1206","0","0","0","","","","","0");
INSERT INTO et_details VALUES("236","239","0","0","0","0","IT20190282","A4Tech","","","0.00","","0","","","","FFE- COMP-BCD-1207","0","0","0","","","","","0");
INSERT INTO et_details VALUES("237","240","0","0","0","0","IT20190305","APC","","","0.00","","0","","","","FFE- COMP-BCD-1208","0","0","0","","","","","0");
INSERT INTO et_details VALUES("238","241","0","0","0","0","IT20190321","SECURE","","","0.00","","0","","","","FFE- COMP-BCD-1209","0","0","0","","","","","0");
INSERT INTO et_details VALUES("239","242","0","0","0","0","IT20190270","","","","0.00","","0","","","","FFE- COMP-BCD-1210","0","0","0","","","","","0");
INSERT INTO et_details VALUES("240","243","0","0","0","0","IT20190253","Xtyle","","","0.00","","0","","","","FFE- COMP-BCD-1211","0","0","0","","","","","0");
INSERT INTO et_details VALUES("241","244","0","0","0","0","IT20190035","","","","0.00","","0","","","","FFE- COMP-BCD-1212","0","0","0","","","","","0");
INSERT INTO et_details VALUES("242","245","0","0","0","0","IT20190257","SECURE","","","0.00","","0","","","","FFE- COMP-BCD-1213","0","0","0","","","","","0");
INSERT INTO et_details VALUES("243","246","0","0","0","0","231710508889","iLogic","Blazer 720VA","","0.00","","0","","","","FFE- COMP-BCD-1214","0","0","0","","","","","0");
INSERT INTO et_details VALUES("244","247","0","0","0","0","IT20190380","Kisonli","","","0.00","","0","","","","FFE- COMP-BCD-1215","0","0","0","","","","","0");
INSERT INTO et_details VALUES("245","248","0","0","0","0","PH1801038801","A4Tech","OP-720","","0.00","","0","","","","FFE- COMP-BCD-1216","0","0","0","","","","","0");
INSERT INTO et_details VALUES("246","249","0","0","0","0","IT20190119","A4Tech","KRS-85","","0.00","","0","","","","FFE- COMP-BCD-1217","0","0","0","","","","","0");
INSERT INTO et_details VALUES("247","250","0","0","0","0","MMT6MSS0038020017B3E00","Acer","EB192Q","","0.00","","0","","","","FFE- COMP-BCD-1218","0","0","0","","","","","0");
INSERT INTO et_details VALUES("248","251","0","0","0","0","IT20190136","Mseries","","","0.00","","0","","","","FFE- COMP-BCD-1219","0","0","0","","","","","0");
INSERT INTO et_details VALUES("249","252","0","0","0","0","IT20190335","AOC","","","0.00","","0","","","","FFE- COMP-BCD-1220","0","0","0","","","","","0");
INSERT INTO et_details VALUES("250","253","0","0","0","0","IT20190325","Deluxe","","","0.00","","0","","","","FFE- COMP-BCD-1221","0","0","0","","","","","0");
INSERT INTO et_details VALUES("251","254","0","0","0","0","IT20190061","Deluxe","","","0.00","","0","","","","FFE- COMP-BCD-1222","0","0","0","","","","","0");
INSERT INTO et_details VALUES("252","255","0","0","0","0","IT20190318","SECURE","","","0.00","","0","","","","FFE- COMP-BCD-1223","0","0","0","","","","","0");
INSERT INTO et_details VALUES("253","256","0","0","0","0","R3UO1F1019427","D-Link","DES-1008A","","0.00","","0","","","","FFE- COMP-BCD-1224","0","0","0","","","","","0");
INSERT INTO et_details VALUES("254","257","0","0","0","0","IT20190364","TCL","","","0.00","","0","","","","FFE- COMP-BCD-1225","0","0","0","","","","","0");
INSERT INTO et_details VALUES("255","257","0","0","0","0","IT20190206","TCL","","","0.00","","0","","","","FFE- COMP-BCD-1226","0","0","0","","","","","0");
INSERT INTO et_details VALUES("256","257","0","0","0","0","IT20190315","TCL","","","0.00","","0","","","","FFE- COMP-BCD-1227","0","0","0","","","","","0");
INSERT INTO et_details VALUES("257","257","0","0","0","0","IT20190379","TCL","","","0.00","","0","","","","FFE- COMP-BCD-1228","0","0","0","","","","","0");
INSERT INTO et_details VALUES("258","257","0","0","0","0","IT20190298","TCL","","","0.00","","0","","","","FFE- COMP-BCD-1229","0","0","0","","","","","0");
INSERT INTO et_details VALUES("259","258","0","0","0","0","IT20190024","NComputing","","","0.00","","0","","","","FFE- COMP-BCD-1230","0","0","0","","","","","0");
INSERT INTO et_details VALUES("260","258","0","0","0","0","IT20190378","NComputing","","","0.00","","0","","","","FFE- COMP-BCD-1231","0","0","0","","","","","0");
INSERT INTO et_details VALUES("261","259","0","0","0","0","IT20190251","Delkin","","","0.00","","0","","","","FFE- COMP-BCD-1232","0","0","0","","","","","0");
INSERT INTO et_details VALUES("262","260","0","0","0","0","Q7CT086974","EPSON","LX-310","PA71A","0.00","","0","","","","FFE-EQU-BCD-1007","0","0","0","","","","","0");
INSERT INTO et_details VALUES("263","261","0","0","0","0","IT20190160","A4Tech","","PS2","0.00","","0","","2019-04-27","","FFE- COMP-BCD-1233","0","0","0","","","","","0");
INSERT INTO et_details VALUES("264","262","0","0","0","0","IT20190195","","","","0.00","","0","","2019-05-06","","FFE- COMP-BCD-1234","0","0","0","","","","","0");
INSERT INTO et_details VALUES("265","263","0","0","0","0","KCYG61A002798","AOC","E9705w","","0.00","","0","","2019-05-07","","FFE- COMP-BCD-1235","0","0","0","","","","","0");
INSERT INTO et_details VALUES("266","264","0","0","0","0","43BW8CJ03Z8","Acer","ADP-45 HE D","","1500.00","","1","2019-05-22","2019-06-07","","FFE- COMP-BCD-1236","0","0","0","BCG Computers","","","","0");
INSERT INTO et_details VALUES("267","265","0","0","0","0","IT20190039","","RX-SP5012-4","","0.00","","0","","","","FFE- COMP-BCD-1237","0","0","0","","","","","0");
INSERT INTO et_details VALUES("268","266","0","0","0","0","IT20190085","","","","0.00","","0","","","","FFE- COMP-BCD-1240","0","0","0","","","","","0");
INSERT INTO et_details VALUES("269","267","0","0","0","0","IT20190180","","","","0.00","","0","","","","FFE- COMP-BCD-1241","0","0","0","","","","","0");
INSERT INTO et_details VALUES("270","268","0","0","0","0","IT20190261","","","","0.00","","0","","","","FFE- COMP-BCD-1242","0","0","0","","","","","0");





CREATE TABLE `et_head` (
  `et_id` int(11) NOT NULL AUTO_INCREMENT,
  `accountability_id` int(11) NOT NULL DEFAULT '0',
  `category_id` int(11) NOT NULL DEFAULT '0',
  `subcat_id` int(11) NOT NULL DEFAULT '0',
  `create_date` varchar(100) DEFAULT NULL,
  `et_desc` varchar(255) DEFAULT NULL,
  `qty` int(11) NOT NULL DEFAULT '0',
  `unit_id` int(11) NOT NULL DEFAULT '0',
  `department` varchar(50) DEFAULT NULL,
  `user_id` int(11) NOT NULL DEFAULT '0',
  PRIMARY KEY (`et_id`)
) ENGINE=InnoDB AUTO_INCREMENT=269 DEFAULT CHARSET=latin1;

INSERT INTO et_head VALUES("1","17","1","11","2019-04-25 13:26:36","CPU Pentium, RAM(2GB), 64 Bit OS, 500GB HD","1","1","EMG-Billing","1");
INSERT INTO et_head VALUES("2","17","1","11","2019-04-25 13:27:29","Monitor 24 inches","1","1","EMG-Billing","1");
INSERT INTO et_head VALUES("3","17","1","11","2019-04-25 13:27:58","Keyboard","1","1","EMG-Billing","1");
INSERT INTO et_head VALUES("4","36","1","11","2019-04-25 13:28:23","Laptop AMD A9-9425 Radeon R5, 5 Compute cores 2C + 3G 3.10GHz 4GB RAM 64 Bit OS 500GB HDD","1","1","IT Department","1");
INSERT INTO et_head VALUES("5","17","1","11","2019-04-25 13:28:37","Mouse","1","1","EMG-Billing","1");
INSERT INTO et_head VALUES("6","17","1","11","2019-04-25 13:29:12","UPS - 650VA","1","1","EMG-Billing","1");
INSERT INTO et_head VALUES("7","17","1","11","2019-04-25 13:29:37","Speaker","1","1","EMG-Billing","1");
INSERT INTO et_head VALUES("8","36","1","11","2019-04-25 13:29:49","Charger","1","1","IT Department","1");
INSERT INTO et_head VALUES("9","15","1","11","2019-04-25 13:30:58","CPU Core i3, RAM(4GB), 64 Bit OS, x64 Based Processor","1","1","EMG-Billing","1");
INSERT INTO et_head VALUES("10","36","1","11","2019-04-25 13:31:17","Wireless Mouse","1","1","IT Department","1");
INSERT INTO et_head VALUES("11","15","1","11","2019-04-25 13:31:21","AVR 220V","1","1","EMG-Billing","1");
INSERT INTO et_head VALUES("12","15","1","11","2019-04-25 13:31:45","Keyboard","1","1","EMG-Billing","1");
INSERT INTO et_head VALUES("13","0","1","11","2019-04-25 13:32:07","Mouse","1","1","EMG-Billing","1");
INSERT INTO et_head VALUES("14","122","1","4","2019-04-25 13:32:48","Printer","1","1","","1");
INSERT INTO et_head VALUES("15","0","1","4","2019-04-25 13:33:35","USB 16GB","1","1","IT Department","1");
INSERT INTO et_head VALUES("16","123","1","11","2019-04-25 13:33:44","TV 65 inches","1","1","","1");
INSERT INTO et_head VALUES("17","123","1","11","2019-04-25 13:34:20","Router","1","1","","1");
INSERT INTO et_head VALUES("18","118","1","11","2019-04-25 13:35:27","Laptop Core i7, RAM(4GB), 64 bit, x64 Based  Processor HDD 1TB","1","1","","1");
INSERT INTO et_head VALUES("19","0","1","11","2019-04-25 13:35:57","UPS 600VA/360watts","1","1","","1");
INSERT INTO et_head VALUES("20","118","1","11","2019-04-25 13:35:57","Charger","1","1","","1");
INSERT INTO et_head VALUES("21","118","1","11","2019-04-25 13:36:25","Mouse Wireless Optical","1","1","","1");
INSERT INTO et_head VALUES("22","118","1","11","2019-04-25 13:37:19","Speaker","1","1","","1");
INSERT INTO et_head VALUES("23","121","1","11","2019-04-25 13:39:45","UPS-650V","1","1","","1");
INSERT INTO et_head VALUES("24","119","1","11","2019-04-25 13:40:28","CPU, Core i5, RAM(4GB), 64 bit, x64 Based Processor, 500GB HDD","1","1","Shoppers Guide","1");
INSERT INTO et_head VALUES("25","119","1","11","2019-04-25 13:40:50","Keyboard","1","1","Shoppers Guide","1");
INSERT INTO et_head VALUES("26","119","1","11","2019-04-25 13:41:18","Mouse","1","1","Shoppers Guide","1");
INSERT INTO et_head VALUES("27","119","1","11","2019-04-25 13:42:46","UPS-650V","1","1","Shoppers Guide","1");
INSERT INTO et_head VALUES("28","119","1","11","2019-04-25 13:43:15","Monitor, 18.5 inches","1","1","Shoppers Guide","1");
INSERT INTO et_head VALUES("29","28","1","11","2019-04-25 13:44:27","CPU,Core i5, 32 bit, x64 Based Processor 1TB HDD","1","1","HR/Admin","1");
INSERT INTO et_head VALUES("30","28","1","11","2019-04-25 13:44:47","Speaker","1","1","HR/Admin","1");
INSERT INTO et_head VALUES("31","28","1","11","2019-04-25 13:45:13","Keyboard","1","1","HR/Admin","1");
INSERT INTO et_head VALUES("32","128","1","11","2019-04-25 13:45:59","Wired Keyboard","1","1","HR/Admin","1");
INSERT INTO et_head VALUES("33","28","1","11","2019-04-25 13:46:07","Mouse","1","1","HR/Admin","1");
INSERT INTO et_head VALUES("34","28","1","11","2019-04-25 13:46:52","Monitor, 18.5 inches","1","1","HR/Admin","1");
INSERT INTO et_head VALUES("35","28","1","11","2019-04-25 13:47:33","AVR 220V","1","1","HR/Admin","1");
INSERT INTO et_head VALUES("36","128","1","11","2019-04-25 13:47:46","Wired Mouse","1","1","HR/Admin","1");
INSERT INTO et_head VALUES("37","128","1","11","2019-04-25 13:48:25","Monitor 13 inches","1","1","HR/Admin","1");
INSERT INTO et_head VALUES("38","124","1","11","2019-04-25 13:48:29","Laptop Core i7-4610M CPU, RAM(8GB), 64 bit,x64 Based Processor","1","1","Shoppers Guide","1");
INSERT INTO et_head VALUES("39","124","1","11","2019-04-25 13:49:01","Mouse","1","1","Shoppers Guide","1");
INSERT INTO et_head VALUES("40","128","1","11","2019-04-25 13:49:03","Speaker","1","1","HR/Admin","1");
INSERT INTO et_head VALUES("41","124","1","11","2019-04-25 13:49:29","Charger","1","1","Shoppers Guide","1");
INSERT INTO et_head VALUES("42","128","1","11","2019-04-25 13:50:08","AVR 220VA","1","1","HR/Admin","1");
INSERT INTO et_head VALUES("43","125","1","11","2019-04-25 13:50:38","CPU, Core i3-4160, RAM(4GB), 64 bit, x64 Based Processor, 500GB HDD","1","1","Shoppers Guide","1");
INSERT INTO et_head VALUES("44","128","1","11","2019-04-25 13:50:50","CPU G3260 Intel Pentium, RAM(2GB), 32-bit OS, x64-based processor","1","1","HR/Admin","1");
INSERT INTO et_head VALUES("45","125","1","11","2019-04-25 13:51:03","Monitor, 21 Inches","1","1","Shoppers Guide","1");
INSERT INTO et_head VALUES("46","128","1","11","2019-04-25 13:51:40","WiFi Adapter","1","1","HR/Admin","1");
INSERT INTO et_head VALUES("47","125","1","11","2019-04-25 13:51:42","Mouse(Red)","1","1","Shoppers Guide","1");
INSERT INTO et_head VALUES("48","125","1","11","2019-04-25 13:52:09","Mouse","1","1","Shoppers Guide","1");
INSERT INTO et_head VALUES("49","125","1","11","2019-04-25 13:52:49","Keyboard","1","1","Shoppers Guide","1");
INSERT INTO et_head VALUES("50","13","1","11","2019-04-25 13:53:05","Monitor 14 inches","1","1","HR/Admin","1");
INSERT INTO et_head VALUES("51","125","1","11","2019-04-25 13:53:17","Speaker","1","1","Shoppers Guide","1");
INSERT INTO et_head VALUES("52","125","1","11","2019-04-25 13:53:42","AVR 220V","1","1","Shoppers Guide","1");
INSERT INTO et_head VALUES("53","13","1","11","2019-04-25 13:53:56","Wired Keyboard","1","1","HR/Admin","1");
INSERT INTO et_head VALUES("54","13","1","11","2019-04-25 13:54:32","Wired Mouse","1","1","HR/Admin","1");
INSERT INTO et_head VALUES("55","13","1","11","2019-04-25 13:55:23","AVR","1","1","HR/Admin","1");
INSERT INTO et_head VALUES("56","13","1","11","2019-04-25 13:56:03","UPS 720VA","1","1","HR/Admin","1");
INSERT INTO et_head VALUES("57","13","1","11","2019-04-25 13:56:38","CPU Intel Core i3-4170, 4GB, 64bit-OS","1","1","HR/Admin","1");
INSERT INTO et_head VALUES("58","115","1","11","2019-04-25 13:56:57","CPU Core i3-4170, RAM(4GB), 64 bit, ","1","1","","1");
INSERT INTO et_head VALUES("59","13","1","11","2019-04-25 13:57:15","WiFi Adapter","1","1","HR/Admin","1");
INSERT INTO et_head VALUES("60","115","1","11","2019-04-25 13:57:30","UPS 650VA","1","1","","1");
INSERT INTO et_head VALUES("61","115","1","11","2019-04-25 13:57:58","Mouse","1","1","","1");
INSERT INTO et_head VALUES("62","115","1","11","2019-04-25 13:58:21","Keyboard","1","1","","1");
INSERT INTO et_head VALUES("63","115","1","11","2019-04-25 13:58:47","Speaker","1","1","","1");
INSERT INTO et_head VALUES("64","115","1","11","2019-04-25 13:59:08","AVR 220V","1","1","","1");
INSERT INTO et_head VALUES("65","129","1","4","2019-04-25 14:00:33","Printer","1","1","Admin","1");
INSERT INTO et_head VALUES("66","25","1","11","2019-04-25 14:01:11","CPU Intel Core i3-4170, 4GB, 64-bit OS","1","1","Accounting","1");
INSERT INTO et_head VALUES("67","25","1","11","2019-04-25 14:01:48","Speaker","1","1","Accounting","1");
INSERT INTO et_head VALUES("68","25","1","11","2019-04-25 14:02:38","Wired Mouse","1","1","Accounting","1");
INSERT INTO et_head VALUES("69","0","1","11","2019-04-25 14:02:40","Odroid, 32GB(SD CARD)","1","1","","1");
INSERT INTO et_head VALUES("70","0","1","11","2019-04-25 14:03:00","Mouse","1","1","","1");
INSERT INTO et_head VALUES("71","25","1","11","2019-04-25 14:03:26","Wired Keyboard","1","1","Accounting","1");
INSERT INTO et_head VALUES("72","0","1","11","2019-04-25 14:03:27","Monitor 21 inches","1","1","","1");
INSERT INTO et_head VALUES("73","0","1","11","2019-04-25 14:03:51","Keyboard","1","1","","1");
INSERT INTO et_head VALUES("74","0","1","11","2019-04-25 14:04:13","UPS - 625V","1","1","","1");
INSERT INTO et_head VALUES("75","25","1","11","2019-04-25 14:05:10","Monitor 19 inches","1","1","Accounting","1");
INSERT INTO et_head VALUES("76","29","1","11","2019-04-25 14:06:14","CPU Intel Core i3-4170 4GB 64-bit OS","1","1","Trading","1");
INSERT INTO et_head VALUES("77","130","1","11","2019-04-25 14:06:42","CPU, Xeon, E3-1220, 64 bit, RAM(12GB), 1TB HDD and 500GB HDD","1","1","","1");
INSERT INTO et_head VALUES("78","29","1","11","2019-04-25 14:06:43","Monitor 21 inches","1","1","Trading","1");
INSERT INTO et_head VALUES("79","130","1","11","2019-04-25 14:07:25","UPS - 625V","1","1","","1");
INSERT INTO et_head VALUES("80","130","1","11","2019-04-25 14:07:46","Router","1","1","","1");
INSERT INTO et_head VALUES("81","0","1","11","2019-04-25 14:08:28","Router","1","1","","1");
INSERT INTO et_head VALUES("82","0","1","11","2019-04-25 14:08:49","Router","1","1","","1");
INSERT INTO et_head VALUES("83","0","1","11","2019-04-25 14:10:59","Cord USB to Printer Photocopier","1","1","","1");
INSERT INTO et_head VALUES("84","0","1","11","2019-04-25 14:11:29","Cord USB to Printer L355","1","1","","1");
INSERT INTO et_head VALUES("85","0","1","11","2019-04-25 14:11:46","cord usb to printer L120","1","1","","1");
INSERT INTO et_head VALUES("86","29","1","11","2019-04-25 14:11:53","Wired Keyboard","1","1","Trading","1");
INSERT INTO et_head VALUES("87","29","1","11","2019-04-25 14:12:38","Wired Mouse","1","1","Trading","1");
INSERT INTO et_head VALUES("88","29","1","11","2019-04-25 14:13:20","AVR 220VA","1","1","Trading","1");
INSERT INTO et_head VALUES("89","29","1","11","2019-04-25 14:13:53","WiFi Adapter","1","1","Trading","1");
INSERT INTO et_head VALUES("90","22","1","11","2019-04-25 14:15:06","Laptop 13.5 inches Intel Core i5-7200U, 4GB RAM, 64-bit OS ","1","1","Accounting","1");
INSERT INTO et_head VALUES("91","22","1","11","2019-04-25 14:15:38","Wired Mouse","1","1","Accounting","1");
INSERT INTO et_head VALUES("92","22","1","11","2019-04-25 14:16:26","UPS 720VA","1","1","Accounting","1");
INSERT INTO et_head VALUES("93","22","1","11","2019-04-25 14:17:02","Charger","1","1","Accounting","1");
INSERT INTO et_head VALUES("94","1","1","11","2019-04-25 14:19:24","Laptop Intel Celeron 2955U 4GB RAM 64-bit OS","1","1","Management","1");
INSERT INTO et_head VALUES("95","1","1","11","2019-04-25 14:20:03","Charger","1","1","Management","1");
INSERT INTO et_head VALUES("96","1","1","11","2019-04-25 14:20:37","Wired Mouse","1","1","Management","1");
INSERT INTO et_head VALUES("97","1","1","4","2019-04-25 14:21:19","Printer","1","1","Management","1");
INSERT INTO et_head VALUES("98","37","1","11","2019-04-25 14:22:07","CPU Intel Core i3-4160 2GB RAM 32-bit OS","1","1","Contracts & Compliance","1");
INSERT INTO et_head VALUES("99","37","1","11","2019-04-25 14:22:39","Monitor 15.5 inches","1","1","Contracts & Compliance","1");
INSERT INTO et_head VALUES("100","37","1","11","2019-04-25 14:23:09","Wired Keyboard","1","1","Contracts & Compliance","1");
INSERT INTO et_head VALUES("101","37","1","11","2019-04-25 14:23:38","Wired Mouse","1","1","Contracts & Compliance","1");
INSERT INTO et_head VALUES("102","37","1","11","2019-04-25 14:24:06","Speaker","1","1","Contracts & Compliance","1");
INSERT INTO et_head VALUES("103","37","1","11","2019-04-25 14:24:33","AVR","1","1","Contracts & Compliance","1");
INSERT INTO et_head VALUES("104","37","1","11","2019-04-25 14:25:02","UPS 650VA","1","1","Contracts & Compliance","1");
INSERT INTO et_head VALUES("105","37","1","11","2019-04-25 14:25:34","WiFi Adapter","1","1","Contracts & Compliance","1");
INSERT INTO et_head VALUES("106","0","1","11","2019-04-25 14:26:57","CPU Intel Core i3-4170 4GB RAM 64-bit OS","1","1","","1");
INSERT INTO et_head VALUES("107","0","1","11","2019-04-25 14:27:37","Monitor 15.5 inches","1","1","","1");
INSERT INTO et_head VALUES("108","0","1","11","2019-04-25 14:28:26","Wired Keyboard","1","1","","1");
INSERT INTO et_head VALUES("109","0","1","11","2019-04-25 14:29:10","Wired Mouse","1","1","","1");
INSERT INTO et_head VALUES("110","31","1","11","2019-04-25 14:29:44","Intel Core i3-4170 CPU @3.70GHz, 4GB RAM, 500GB HDD","1","1","IT Department","1");
INSERT INTO et_head VALUES("111","0","1","11","2019-04-25 14:29:46","UPS 720VA","1","1","","1");
INSERT INTO et_head VALUES("112","133","1","11","2019-04-25 14:30:17","CPU Intel Core i5-7400 4GB RAM 64-bit OS, 500gb HDD","1","1","","1");
INSERT INTO et_head VALUES("113","133","1","11","2019-04-25 14:30:42","Monitor 15.5 inches","1","1","","1");
INSERT INTO et_head VALUES("114","133","1","11","2019-04-25 14:31:26","Wired Keyboard","1","1","","1");
INSERT INTO et_head VALUES("115","31","1","11","2019-04-25 14:31:49","Keyboard","1","1","IT Department","1");
INSERT INTO et_head VALUES("116","133","1","11","2019-04-25 14:31:54","Wired Mouse","1","1","","1");
INSERT INTO et_head VALUES("117","133","1","11","2019-04-25 14:32:30","UPS 720VA","1","1","","1");
INSERT INTO et_head VALUES("118","31","1","11","2019-04-25 14:32:58","Mouse","1","1","IT Department","1");
INSERT INTO et_head VALUES("119","33","1","11","2019-04-25 14:33:26","CPU Intel Core i3-4170 4GB RAM 64-bit OS","1","1","HR/Admin","1");
INSERT INTO et_head VALUES("120","33","1","11","2019-04-25 14:34:02","Monitor 18.5 inches","1","1","HR/Admin","1");
INSERT INTO et_head VALUES("121","33","1","11","2019-04-25 14:34:42","Wired Keyboard","1","1","HR/Admin","1");
INSERT INTO et_head VALUES("122","33","1","11","2019-04-25 14:35:18","Wired Mouse","1","1","HR/Admin","1");
INSERT INTO et_head VALUES("123","33","1","11","2019-04-25 14:35:50","UPS 650VA","1","1","HR/Admin","1");
INSERT INTO et_head VALUES("124","31","1","11","2019-04-25 14:35:58","19inches Monitor","1","1","IT Department","1");
INSERT INTO et_head VALUES("125","0","1","11","2019-04-25 14:36:26","WiFi Adapter","1","1","","1");
INSERT INTO et_head VALUES("126","31","1","11","2019-04-25 14:37:22","WIFI Adapter","1","1","IT Department","1");
INSERT INTO et_head VALUES("127","33","1","11","2019-04-25 14:37:29","WiFi Adapter","1","1","HR/Admin","1");
INSERT INTO et_head VALUES("128","3","1","11","2019-04-25 14:38:50","Laptop 14inches, Intel Core i5-5200U CPU @ 2.20GHz, 4GB RAM, 1TB HDD","1","1","IT Department","1");
INSERT INTO et_head VALUES("129","3","1","11","2019-04-25 14:39:16","Wireless Mouse with adapter","1","1","IT Department","1");
INSERT INTO et_head VALUES("130","3","1","11","2019-04-25 14:39:45","Laptop Charger","1","1","IT Department","1");
INSERT INTO et_head VALUES("131","14","1","11","2019-04-25 14:40:23","18.5 inches Monitor","1","1","IT Department","1");
INSERT INTO et_head VALUES("132","14","1","11","2019-04-25 14:40:59","Wired Keyboard","1","1","IT Department","1");
INSERT INTO et_head VALUES("133","14","1","11","2019-04-25 14:41:39","Wired Mouse","1","1","IT Department","1");
INSERT INTO et_head VALUES("134","14","1","11","2019-04-25 14:42:08","Intel Core i5-7400 CPU @ 3.00Ghz, 4GB RAM, 500HDD","1","1","IT Department","1");
INSERT INTO et_head VALUES("135","14","1","11","2019-04-25 14:42:35","Orange Speaker","1","1","IT Department","1");
INSERT INTO et_head VALUES("136","14","1","11","2019-04-25 14:43:02","UPS","1","1","IT Department","1");
INSERT INTO et_head VALUES("137","14","1","11","2019-04-25 14:43:29","WIFI Adapter","1","1","IT Department","1");
INSERT INTO et_head VALUES("138","130","1","11","2019-04-25 14:44:32","40inches Curve Monitor","1","1","","1");
INSERT INTO et_head VALUES("139","130","1","11","2019-04-25 14:45:03","Wired Keyboard","1","1","","1");
INSERT INTO et_head VALUES("140","130","1","11","2019-04-25 14:45:39","Wired Mouse","1","1","","1");
INSERT INTO et_head VALUES("141","21","1","11","2019-04-25 14:46:12","Laptop intel(R) core i5 CPU 2GB 64bit OS","1","1","","1");
INSERT INTO et_head VALUES("142","130","1","11","2019-04-25 14:46:23","Intel Core i5-4460 CPU @ 3.20GHz, 8GB RAM, 1TB HDD","1","1","","1");
INSERT INTO et_head VALUES("143","130","1","11","2019-04-25 14:46:58","AVR","1","1","","1");
INSERT INTO et_head VALUES("144","130","1","11","2019-04-25 14:47:26","UPS","1","1","","1");
INSERT INTO et_head VALUES("145","130","1","11","2019-04-25 14:48:49","40inches Curve Monitor","1","1","","1");
INSERT INTO et_head VALUES("146","130","1","11","2019-04-25 14:49:13","Wired Keyboard","1","1","","1");
INSERT INTO et_head VALUES("147","130","1","11","2019-04-25 14:49:38","Wired Mouse","1","1","","1");
INSERT INTO et_head VALUES("148","0","1","11","2019-04-25 14:49:45","Speaker","1","1","","1");
INSERT INTO et_head VALUES("149","130","1","11","2019-04-25 14:49:58","Intel Core i5-4460 CPU @ 3.20GHz, 8GB RAM, 1TB HDD","1","1","","1");
INSERT INTO et_head VALUES("150","130","1","11","2019-04-25 14:50:22","AVR","1","1","","1");
INSERT INTO et_head VALUES("151","130","1","11","2019-04-25 14:50:56","UPS","1","1","","1");
INSERT INTO et_head VALUES("152","24","1","11","2019-04-25 14:51:44","21.5inches Monitor","1","1","Trading","1");
INSERT INTO et_head VALUES("153","0","1","11","2019-04-25 14:51:47","headphones","1","1","","1");
INSERT INTO et_head VALUES("154","24","1","11","2019-04-25 14:52:31","Wired Keyboard","1","1","Trading","1");
INSERT INTO et_head VALUES("155","0","1","11","2019-04-25 14:52:34","mouse","1","1","","1");
INSERT INTO et_head VALUES("156","24","1","11","2019-04-25 14:52:58","Wired Mouse","1","1","Trading","1");
INSERT INTO et_head VALUES("157","24","1","11","2019-04-25 14:53:25","Intel Core i3-4160 @3.60GHz, 4GB RAM,","1","1","Trading","1");
INSERT INTO et_head VALUES("158","24","1","11","2019-04-25 14:53:58","AVR","1","1","Trading","1");
INSERT INTO et_head VALUES("159","0","1","11","2019-04-25 14:54:10","AVR 220V","1","1","","1");
INSERT INTO et_head VALUES("160","24","1","11","2019-04-25 14:54:19","WIFI Adapter","1","1","Trading","1");
INSERT INTO et_head VALUES("161","24","1","11","2019-04-25 14:54:49","White Speaker","1","1","Trading","1");
INSERT INTO et_head VALUES("162","131","1","11","2019-04-25 14:56:06","18.5inhes Monitor","1","1","Trading Department","1");
INSERT INTO et_head VALUES("163","131","1","11","2019-04-25 14:56:34","Wired Keyboard","1","1","Trading Department","1");
INSERT INTO et_head VALUES("164","131","1","11","2019-04-25 14:58:38","Wired Mouse","1","1","Trading Department","1");
INSERT INTO et_head VALUES("165","131","1","11","2019-04-25 14:59:02","Intel Core i5-7400 CPU @3.00GHz, 4GB RAM, 500GB HDD","1","1","Trading Department","1");
INSERT INTO et_head VALUES("166","131","1","11","2019-04-25 14:59:28","WIFI Adapter","1","1","Trading Department","1");
INSERT INTO et_head VALUES("167","130","1","11","2019-04-25 14:59:54","3-1 Printer","1","1","","1");
INSERT INTO et_head VALUES("168","0","1","11","2019-04-25 16:32:18","AVR","1","1","","1");
INSERT INTO et_head VALUES("169","21","1","11","2019-04-25 16:32:44","Charger","1","1","","1");
INSERT INTO et_head VALUES("170","0","1","11","2019-04-25 16:33:16","charger","1","1","","1");
INSERT INTO et_head VALUES("171","0","1","11","2019-04-25 16:34:26","Wired Mouse","1411300372","1","","1");
INSERT INTO et_head VALUES("172","0","1","11","2019-04-25 16:40:32","Wired Mouse","1","1","","1");
INSERT INTO et_head VALUES("173","0","1","11","2019-04-25 16:41:03","AVR","1","1","","1");
INSERT INTO et_head VALUES("174","0","1","11","2019-04-25 16:51:11","Laptop Intel(R) Core(TM) i3-4030U CPU 1.90GHz 4GB RAM 64Bit OS 1TeraHDD","1","1","","1");
INSERT INTO et_head VALUES("175","129","1","11","2019-04-25 16:52:04","Laptop 12.5 inches Intel Core i5-4300U, 4GB RAM, 64-bit OS ","1","1","Admin","1");
INSERT INTO et_head VALUES("176","0","1","11","2019-04-25 16:58:27","Charger","1","1","","1");
INSERT INTO et_head VALUES("177","129","1","11","2019-04-25 16:59:18","Charger","1","1","Admin","1");
INSERT INTO et_head VALUES("178","129","1","11","2019-04-25 17:00:04","Wired Mouse","1","1","Admin","1");
INSERT INTO et_head VALUES("179","132","1","11","2019-04-25 17:06:33","Monitor 19in","1","0","IT Department","1");
INSERT INTO et_head VALUES("180","132","1","11","2019-04-25 17:07:49","Keyboard","1","1","IT Department","1");
INSERT INTO et_head VALUES("181","132","1","11","2019-04-25 17:31:06","Wired Mouse ","1","1","IT Department","1");
INSERT INTO et_head VALUES("182","132","1","11","2019-04-26 09:56:26","CPU core i5-7400 4GB(RAM), 64bit OS","1","1","IT Department","1");
INSERT INTO et_head VALUES("183","132","1","11","2019-04-26 09:57:13","AVR","1","1","IT Department","1");
INSERT INTO et_head VALUES("184","132","1","11","2019-04-26 09:57:46","UPS","1","1","IT Department","1");
INSERT INTO et_head VALUES("185","132","1","4","2019-04-26 09:58:41","EPSON flatbed/feeder scanner","1","1","IT Department","1");
INSERT INTO et_head VALUES("186","132","1","11","2019-04-26 09:59:18","Wifi adapter","1","1","IT Department","1");
INSERT INTO et_head VALUES("187","27","1","11","2019-04-26 10:02:25","Monitor 19in","1","1","Finance","1");
INSERT INTO et_head VALUES("188","27","1","11","2019-04-26 10:03:47","Wired Keyboard","1","1","Finance","1");
INSERT INTO et_head VALUES("189","27","1","11","2019-04-26 11:20:39","Wired Mouse ","1","1","Finance","1");
INSERT INTO et_head VALUES("190","27","1","11","2019-04-26 11:23:54","AVR","1","1","Finance","1");
INSERT INTO et_head VALUES("191","27","1","11","2019-04-26 11:24:21","CPU intel(r) core i3-7100, 4GB (RAM","1","1","Finance","1");
INSERT INTO et_head VALUES("192","27","1","11","2019-04-26 11:25:18","UPS","1","1","Finance","1");
INSERT INTO et_head VALUES("193","0","1","11","2019-04-26 11:28:27","Monitor 18.5in","1","1","HR/Admin","1");
INSERT INTO et_head VALUES("194","0","1","11","2019-04-26 11:28:58","Wired Keyboard","1","1","HR/Admin","1");
INSERT INTO et_head VALUES("195","0","1","11","2019-04-26 11:29:24","Wired Mouse ","1","1","HR/Admin","1");
INSERT INTO et_head VALUES("196","0","1","11","2019-04-26 11:30:22","CPU INTEL CORE(TM) i3-7100, 4Gb (RAM), 64bit OS","1","1","HR/Admin","1");
INSERT INTO et_head VALUES("197","0","1","11","2019-04-26 11:30:44","UPS","1","1","HR/Admin","1");
INSERT INTO et_head VALUES("198","0","1","11","2019-04-26 11:31:14","AVR","1","1","HR/Admin","1");
INSERT INTO et_head VALUES("199","0","1","4","2019-04-26 11:31:55","EPSON FLATBED Scanner","1","1","HR/Admin","1");
INSERT INTO et_head VALUES("200","0","1","11","2019-04-26 11:34:13","Speaker","1","1","HR/Admin","1");
INSERT INTO et_head VALUES("201","134","1","11","2019-04-26 11:35:59","Monitor","1","1","Finance","1");
INSERT INTO et_head VALUES("202","134","1","11","2019-04-26 11:36:26","Wired Mouse ","1","1","Finance","1");
INSERT INTO et_head VALUES("203","134","1","11","2019-04-26 11:37:27","Wired Keyboard","1","1","Finance","1");
INSERT INTO et_head VALUES("204","134","1","11","2019-04-26 11:38:02","UPS 650","1","1","Finance","1");
INSERT INTO et_head VALUES("205","134","1","11","2019-04-26 11:38:33","CPU Intel Core i3-4160 2GB RAM 32-bit OS","1","1","Finance","1");
INSERT INTO et_head VALUES("206","34","1","11","2019-04-26 11:39:19","CPU Intel Core i3-4150 4GB 64-bit OS","1","1","Finance","1");
INSERT INTO et_head VALUES("207","34","1","11","2019-04-26 11:39:37","AVR","1","1","Finance","1");
INSERT INTO et_head VALUES("208","34","1","11","2019-04-26 11:40:00","Wired Keyboard","1","1","Finance","1");
INSERT INTO et_head VALUES("209","34","1","11","2019-04-26 11:40:29","Wired Mouse ","1","1","Finance","1");
INSERT INTO et_head VALUES("210","34","1","11","2019-04-26 11:40:52","Monitor","1","1","Finance","1");
INSERT INTO et_head VALUES("211","35","1","11","2019-04-26 11:41:26","Monitor 18.5in","1","1","HR/Admin","1");
INSERT INTO et_head VALUES("212","35","1","11","2019-04-26 11:41:50","Wired Keyboard","1","1","HR/Admin","1");
INSERT INTO et_head VALUES("213","35","1","11","2019-04-26 11:42:21","Wired Mouse ","1","1","HR/Admin","1");
INSERT INTO et_head VALUES("214","35","1","11","2019-04-26 11:42:50","CPU Intel  Core i3-4150 CPU @ 3.50Ghz","1","1","HR/Admin","1");
INSERT INTO et_head VALUES("215","35","1","11","2019-04-26 11:43:12","UPS","1","1","HR/Admin","1");
INSERT INTO et_head VALUES("216","12","1","11","2019-04-26 11:43:55","CPU Intel Pentium G2020 2GB RAM 32-bit OS","1","1","Accounting / Finance","1");
INSERT INTO et_head VALUES("217","12","1","11","2019-04-26 11:44:19","Monitor 15.5 inch","1","1","Accounting / Finance","1");
INSERT INTO et_head VALUES("218","12","1","11","2019-04-26 11:45:05","Wired Mouse","1","1","Accounting / Finance","1");
INSERT INTO et_head VALUES("219","12","1","11","2019-04-26 11:45:58","Wired Keyboard","1","1","Accounting / Finance","1");
INSERT INTO et_head VALUES("220","12","1","11","2019-04-26 11:46:23","AVR","1","1","Accounting / Finance","1");
INSERT INTO et_head VALUES("221","12","1","11","2019-04-26 11:46:53","Speaker","1","1","Accounting / Finance","1");
INSERT INTO et_head VALUES("222","6","1","11","2019-04-26 11:47:39","Monitor 18.5in","1","1","Purchasing","1");
INSERT INTO et_head VALUES("223","6","1","11","2019-04-26 11:48:01","Wired Keyboard","1","1","Purchasing","1");
INSERT INTO et_head VALUES("224","6","1","11","2019-04-26 11:48:52","Wired Mouse","1","1","Purchasing","1");
INSERT INTO et_head VALUES("225","6","1","11","2019-04-26 11:49:15","CPU Inter Pentium CPU G2030 @ 3.00Ghz","1","1","Purchasing","1");
INSERT INTO et_head VALUES("226","6","1","11","2019-04-26 11:49:37","AVR","1","1","Purchasing","1");
INSERT INTO et_head VALUES("227","6","1","11","2019-04-26 11:49:58","Speaker","1","1","Purchasing","1");
INSERT INTO et_head VALUES("228","4","1","11","2019-04-26 11:51:44","Monitor 16in","1","1","Purchasing","1");
INSERT INTO et_head VALUES("229","4","1","11","2019-04-26 11:52:04","Wired Keyboard","1","1","Purchasing","1");
INSERT INTO et_head VALUES("230","4","1","11","2019-04-26 11:52:25","Wired Mouse ","1","1","Purchasing","1");
INSERT INTO et_head VALUES("231","4","1","11","2019-04-26 11:52:47","UPS","1","1","Purchasing","1");
INSERT INTO et_head VALUES("232","4","1","11","2019-04-26 11:53:13","AVR","1","1","Purchasing","1");
INSERT INTO et_head VALUES("233","4","1","11","2019-04-26 11:53:34","CPU INTEL CORE i3-4170 @ 3.70Ghz","1","1","Purchasing","1");
INSERT INTO et_head VALUES("234","9","1","11","2019-04-26 11:55:01","\"Laptop 14in, INTEL CORE i5-4210U CPU @1.70ghz 2.40ghz,  4GB RAM, 64-bit OS\"","1","1","Accounting","1");
INSERT INTO et_head VALUES("235","9","1","10","2019-04-26 11:55:30","Charger ","1","1","Accounting","1");
INSERT INTO et_head VALUES("236","135","1","11","2019-04-26 12:01:01","Printer","1","1","","1");
INSERT INTO et_head VALUES("237","19","1","11","2019-04-26 12:02:39","Monitor 16in","1","1","Accounting","1");
INSERT INTO et_head VALUES("238","19","1","11","2019-04-26 12:04:00","Wired Keyboard","1","1","Accounting","1");
INSERT INTO et_head VALUES("239","19","1","11","2019-04-26 12:04:30","Wired Mouse ","1","1","Accounting","1");
INSERT INTO et_head VALUES("240","19","1","11","2019-04-26 12:04:54","UPS","1","1","Accounting","1");
INSERT INTO et_head VALUES("241","19","1","11","2019-04-26 12:05:16","AVR","1","1","Accounting","1");
INSERT INTO et_head VALUES("242","19","1","11","2019-04-26 12:05:53","CPU INTEL CORE i3-4160 @ 360Ghz","1","1","Accounting","1");
INSERT INTO et_head VALUES("243","19","1","11","2019-04-26 12:06:11","speaker","1","1","Accounting","1");
INSERT INTO et_head VALUES("244","8","1","11","2019-04-26 12:08:15","CPU Intel Core i3-7100 4GB 64-bit OS","1","1","Accounting","1");
INSERT INTO et_head VALUES("245","8","1","11","2019-04-26 12:08:37","AVR 220VAC","1","1","Accounting","1");
INSERT INTO et_head VALUES("246","8","1","11","2019-04-26 12:09:31","UPS 720VA","1","1","Accounting","1");
INSERT INTO et_head VALUES("247","8","1","11","2019-04-26 12:10:09","Speaker","1","1","Accounting","1");
INSERT INTO et_head VALUES("248","8","1","11","2019-04-26 12:10:37","Wired Mouse","1","1","Accounting","1");
INSERT INTO et_head VALUES("249","8","1","11","2019-04-26 12:10:59","Wired Keyboard","1","1","Accounting","1");
INSERT INTO et_head VALUES("250","8","1","11","2019-04-26 12:11:35","Monitor 18.5 inches","1","1","Accounting","1");
INSERT INTO et_head VALUES("251","130","1","11","2019-04-26 12:12:05","CPU intel core i5","1","1","","1");
INSERT INTO et_head VALUES("252","130","1","11","2019-04-26 12:12:31","Monitor 16\'","1","1","","1");
INSERT INTO et_head VALUES("253","130","1","11","2019-04-26 12:13:09","Wired Mouse","1","1","","1");
INSERT INTO et_head VALUES("254","130","1","11","2019-04-26 12:13:31","Wired Keyboard","1","1","","1");
INSERT INTO et_head VALUES("255","130","1","11","2019-04-26 12:13:54","AVR","1","1","","1");
INSERT INTO et_head VALUES("256","130","1","11","2019-04-26 12:14:19","Router","1","1","","1");
INSERT INTO et_head VALUES("257","130","1","11","2019-04-26 12:15:08","LED TV 40\'","5","1","","1");
INSERT INTO et_head VALUES("258","130","1","11","2019-04-26 12:16:19","VGA dock","2","1","","1");
INSERT INTO et_head VALUES("259","17","1","11","2019-04-26 15:15:00","AVR","1","1","EMG-Billing","1");
INSERT INTO et_head VALUES("260","34","1","4","2019-04-26 15:27:13","Dot Matrix Printer","1","1","Finance","1");
INSERT INTO et_head VALUES("261","15","1","11","2019-04-27 11:54:56","Wired PS2 Mouse","1","1","","3");
INSERT INTO et_head VALUES("262","0","1","11","2019-04-30 17:08:48","Wifi Adaptor","1","1","","1");
INSERT INTO et_head VALUES("263","115","1","11","2019-05-07 11:21:36","Monitor, 19 inches","1","1","","1");
INSERT INTO et_head VALUES("264","0","1","11","2019-05-23 08:14:26","Charger","1","1","IT Department","1");
INSERT INTO et_head VALUES("265","0","1","11","2019-05-27 11:28:56","Switching Adapter ","1","1","IT Department","1");
INSERT INTO et_head VALUES("266","0","1","11","2019-06-07 14:50:52","HDMI","1","1","IT Department","1");
INSERT INTO et_head VALUES("267","0","1","11","2019-06-07 14:51:55","HDMI","1","1","IT Department","1");
INSERT INTO et_head VALUES("268","0","1","11","2019-06-07 14:52:33","Audio Jack","1","1","IT Department","1");





CREATE TABLE `et_info` (
  `et_id` int(11) NOT NULL AUTO_INCREMENT,
  `accountability_id` int(11) NOT NULL,
  `category_id` int(11) NOT NULL,
  `subcat_id` int(11) NOT NULL,
  `model` varchar(100) DEFAULT NULL,
  `brand` varchar(100) DEFAULT NULL,
  `type` varchar(100) DEFAULT NULL,
  `serial_no` varchar(100) DEFAULT NULL,
  `acquisition_date` varchar(100) DEFAULT NULL,
  `create_date` varchar(100) DEFAULT NULL,
  `date_issued` varchar(100) DEFAULT NULL,
  `et_desc` varchar(255) DEFAULT NULL,
  `qty` decimal(10,2) NOT NULL DEFAULT '0.00',
  `unit_id` int(11) NOT NULL,
  `unit_price` decimal(10,2) NOT NULL DEFAULT '0.00',
  `location_id` int(11) NOT NULL,
  `department_id` int(11) NOT NULL,
  `remarks` text,
  `damaged` int(11) DEFAULT '0',
  `damaged_remarks` text,
  `damaged_of_unit` text,
  `aaf_no` varchar(100) DEFAULT NULL,
  `asset_control_no` varchar(100) DEFAULT NULL,
  `user_id` int(11) NOT NULL,
  PRIMARY KEY (`et_id`)
) ENGINE=InnoDB DEFAULT CHARSET=latin1;






CREATE TABLE `et_set` (
  `set_id` int(11) NOT NULL AUTO_INCREMENT,
  `set_name` varchar(50) DEFAULT NULL,
  `set_price` decimal(10,2) NOT NULL DEFAULT '0.00',
  PRIMARY KEY (`set_id`)
) ENGINE=InnoDB AUTO_INCREMENT=2 DEFAULT CHARSET=latin1;

INSERT INTO et_set VALUES("1","Laptop","24999.00");





CREATE TABLE `location` (
  `location_id` int(11) NOT NULL AUTO_INCREMENT,
  `location_name` varchar(100) DEFAULT NULL,
  `location_prefix` varchar(100) DEFAULT NULL,
  PRIMARY KEY (`location_id`)
) ENGINE=InnoDB AUTO_INCREMENT=3 DEFAULT CHARSET=latin1;

INSERT INTO location VALUES("1","Bacolod","CENPRI-B");
INSERT INTO location VALUES("2","Bago","CENPRI-S");





CREATE TABLE `physical_condition` (
  `physical_id` int(11) NOT NULL AUTO_INCREMENT,
  `condition_name` varchar(50) DEFAULT NULL,
  PRIMARY KEY (`physical_id`)
) ENGINE=InnoDB DEFAULT CHARSET=latin1;






CREATE TABLE `placement` (
  `placement_id` int(11) NOT NULL AUTO_INCREMENT,
  `placement_name` varchar(50) DEFAULT NULL,
  PRIMARY KEY (`placement_id`)
) ENGINE=InnoDB DEFAULT CHARSET=latin1;






CREATE TABLE `rack` (
  `rack_id` int(11) NOT NULL AUTO_INCREMENT,
  `rack_name` varchar(50) DEFAULT NULL,
  PRIMARY KEY (`rack_id`)
) ENGINE=InnoDB DEFAULT CHARSET=latin1;






CREATE TABLE `repair_details` (
  `repair_id` int(11) NOT NULL AUTO_INCREMENT,
  `ed_id` int(11) NOT NULL DEFAULT '0',
  `repair_date` varchar(20) DEFAULT NULL,
  `repair_price` decimal(10,2) NOT NULL DEFAULT '0.00',
  `jo_no` varchar(50) DEFAULT NULL,
  `supplier` varchar(100) DEFAULT NULL,
  `assessment` int(11) NOT NULL DEFAULT '0',
  `received_by` int(11) NOT NULL DEFAULT '0',
  `remarks` text,
  `create_date` varchar(20) DEFAULT NULL,
  `user_id` int(11) NOT NULL DEFAULT '0',
  `saved` int(11) NOT NULL DEFAULT '0',
  `unsaved` int(11) NOT NULL DEFAULT '0',
  PRIMARY KEY (`repair_id`)
) ENGINE=InnoDB AUTO_INCREMENT=3 DEFAULT CHARSET=latin1;

INSERT INTO repair_details VALUES("1","172","2019-05-10","0.00","","","1","36","Damaged mouse pad. Unable mouse pad so that the screen will not shutdown.","2019-05-10 09:25:19","1","1","0");
INSERT INTO repair_details VALUES("2","267","2019-05-31","0.00","","","1","121","Fixed by Sir Rey Argawanon
Replaced capacitor ","2019-06-07 14:18:11","1","1","0");





CREATE TABLE `return_details` (
  `rd_id` int(11) NOT NULL AUTO_INCREMENT,
  `return_id` int(11) NOT NULL DEFAULT '0',
  `et_id` int(11) NOT NULL DEFAULT '0',
  `ed_id` int(11) NOT NULL DEFAULT '0',
  `date_issued` varchar(20) DEFAULT NULL,
  `return_remarks` text,
  PRIMARY KEY (`rd_id`)
) ENGINE=InnoDB AUTO_INCREMENT=13 DEFAULT CHARSET=latin1;

INSERT INTO return_details VALUES("1","1","13","13","","");
INSERT INTO return_details VALUES("2","2","193","190","","");
INSERT INTO return_details VALUES("3","2","194","191","","");
INSERT INTO return_details VALUES("4","2","195","192","","");
INSERT INTO return_details VALUES("5","2","196","193","","");
INSERT INTO return_details VALUES("6","2","197","194","","");
INSERT INTO return_details VALUES("7","2","198","195","","");
INSERT INTO return_details VALUES("8","2","199","196","","");
INSERT INTO return_details VALUES("9","2","200","197","","");
INSERT INTO return_details VALUES("11","3","265","267","","");
INSERT INTO return_details VALUES("12","4","266","268","","");





CREATE TABLE `return_head` (
  `return_id` int(11) NOT NULL AUTO_INCREMENT,
  `ars_no` varchar(255) DEFAULT NULL,
  `atf_no` varchar(255) DEFAULT NULL,
  `return_date` varchar(20) DEFAULT NULL,
  `accountability_id` int(11) NOT NULL DEFAULT '0',
  `received_by` int(11) NOT NULL DEFAULT '0',
  `return_remarks` text,
  `create_date` varchar(20) DEFAULT NULL,
  PRIMARY KEY (`return_id`)
) ENGINE=InnoDB AUTO_INCREMENT=5 DEFAULT CHARSET=latin1;

INSERT INTO return_head VALUES("1","BCD-2019-04-1001","BCD-2019-1001","2019-04-27","15","14","Mouse pointer is stuck","2019-04-27 11:49:03");
INSERT INTO return_head VALUES("2","BCD-2019-03-1001","BCD-2019-1002","2019-03-04","133","36","","2019-04-30 15:37:20");
INSERT INTO return_head VALUES("3","-2019-05-1001","-2019-1004","2019-05-25","0","3","short circuit","2019-05-27 11:53:37");
INSERT INTO return_head VALUES("4","BCD-2019-06-1001","BCD-2019-1005","2019-06-07","121","36","","2019-06-07 14:53:57");





CREATE TABLE `returned_et` (
  `return_id` int(11) NOT NULL AUTO_INCREMENT,
  `et_id` int(11) NOT NULL DEFAULT '0',
  `accountability_id` int(11) NOT NULL DEFAULT '0',
  `receive_by` int(11) NOT NULL DEFAULT '0',
  `quantity` decimal(10,2) NOT NULL DEFAULT '0.00',
  `ars_no` varchar(255) DEFAULT NULL,
  `return_date` varchar(20) DEFAULT NULL,
  `date_issued` varchar(20) DEFAULT NULL,
  `create_date` varchar(100) DEFAULT NULL,
  `return_remarks` text,
  PRIMARY KEY (`return_id`)
) ENGINE=InnoDB DEFAULT CHARSET=latin1;






CREATE TABLE `returned_series` (
  `series_id` int(11) NOT NULL AUTO_INCREMENT,
  `prefix` varchar(100) DEFAULT NULL,
  `series` int(11) NOT NULL DEFAULT '0',
  PRIMARY KEY (`series_id`)
) ENGINE=InnoDB AUTO_INCREMENT=6 DEFAULT CHARSET=latin1;

INSERT INTO returned_series VALUES("1","BCD-2019-04","1001");
INSERT INTO returned_series VALUES("2","BCD-2019-03","1001");
INSERT INTO returned_series VALUES("4","-2019-05","1001");
INSERT INTO returned_series VALUES("5","BCD-2019-06","1001");





CREATE TABLE `subcategory` (
  `subcat_id` int(11) NOT NULL AUTO_INCREMENT,
  `category_id` int(11) NOT NULL DEFAULT '0',
  `subcat_name` varchar(100) DEFAULT NULL,
  `subcat_prefix` varchar(100) DEFAULT NULL,
  `location` varchar(11) DEFAULT NULL,
  `subcat_desc` text,
  PRIMARY KEY (`subcat_id`)
) ENGINE=InnoDB AUTO_INCREMENT=13 DEFAULT CHARSET=latin1;

INSERT INTO subcategory VALUES("1","1","Transportation Equipment","FFE-TRA","BCD","Vehicles (Innova, Crosswind, Pickup, Fortuner, etc), Forklift, Boomtruck.");
INSERT INTO subcategory VALUES("2","1","Communication Equipment","FFE-COM","BCD","Radio Handset, Radio Power Supply, Radio Repeater, Radio Antenna, Microphone with Cord for ICOM Motorola Radius");
INSERT INTO subcategory VALUES("3","1","Office Furnitures","FFE-FUR","BCD","Office Chair, Office Table, Book Shelves, Filing Cabinets, Computer Table, Conference Table and Chairs, Table Top Glass, Cubicle, Office Partitions, Office Drawers");
INSERT INTO subcategory VALUES("4","1","Office Equipment","FFE-EQU","BCD","Cellphones, Telephones, Printers, Scanners, Fax Machine, Overhead Projector,  Projector Screen, Photocopier, Hard Disk, USB, External Hard Drive, Recorder, Safety Vault, Standby Generator, Digital and Video Camera, Audio System for the Board Room, Microphone w/ Speaker,  Telephone System (PABX), Air Conditioning Unit, CCTV Camera, IP/Surveillance Camera, Industrial Fan, Air Cooler, Ceiling Fan, Electric Fan, Exhaust Fan, Television");
INSERT INTO subcategory VALUES("5","1","Personal Protective Equipment","FFE-PPE","BCD","Hard Hat, Electrical Gloves, Goggles, Harness, Safety Shoes, Boots, Chemical Mask, Welding Mask");
INSERT INTO subcategory VALUES("6","1","Safety & Security Equipment","FFE-SSE","BCD","Data Cabinet, Fire Extinguisher, Eye Wash and Face Shower, Emergency Light, Flash Light, Alarms, Caution Board, Warning Triangle or Cone, Biometric, Automatic Lock Door (Door Access),  Fire Hose,  Illuminated Fire Exit Sign");
INSERT INTO subcategory VALUES("7","1","Appliance","FFE-APP","BCD","Gas Stove, Refrigirator,  CD/DVD Player, Blender & Juicers, Coffee Maker,  Rice Cooker, Toaster, Electric Airpot, Electric Kettle, Electric Stove, Electric/Gas Oven, Food Warmer/Steamer, Gas Stove, Microwave Oven, Water Dispenser, Dryer, Flat Iron, Hair Dryer, Steam Iron, Vacuum Cleaner, Washing Machine,");
INSERT INTO subcategory VALUES("8","1","Staffhouse Furnitures and Supplies","FFE-STA","BCD","Dining Table and Chairs, Sofa, Beds, Clothes Cabinet, Mattress, Pillows, Pillow Case, Bed Sheets, Blanket");
INSERT INTO subcategory VALUES("9","1","Housewares","FFE-HOU","BCD","Bowl, Cups and Saucers, Drinking Glass, Mug, Pitcher, Plate, Spoon and Fork, Food Keeper, Dipper, Pail, Trash Bin");
INSERT INTO subcategory VALUES("10","1","Medical Equipment","FFE-MED","BCD","Glucometer, ( Glucose Meter, One Touch Ultra 2 ), Digital Blood Pressure Apparatus, Aneroid Blood Pressure Apparatus, Stechoscope, Weighing Scale, First Aid Equipment, Oxygen for First Aid");
INSERT INTO subcategory VALUES("11","1","Computer Equipment","FFE- COMP","BCD","Routers, PCs, Laptops, UPS, Wifi Adapter");
INSERT INTO subcategory VALUES("12","1","Office Supplies","FFE- SUP","BCD","Staplers, Calculators, Punchers, Scissor, Tape Dispenser, Filing Tray, Document Keeper, Clip Board, Binders, Books,");





CREATE TABLE `transfer_details` (
  `td_id` int(11) NOT NULL AUTO_INCREMENT,
  `transfer_id` int(11) NOT NULL DEFAULT '0',
  `et_id` int(11) NOT NULL DEFAULT '0',
  `ed_id` int(11) NOT NULL DEFAULT '0',
  `date_issued` varchar(20) DEFAULT NULL,
  PRIMARY KEY (`td_id`)
) ENGINE=InnoDB DEFAULT CHARSET=latin1;






CREATE TABLE `transfer_head` (
  `transfer_id` int(11) NOT NULL AUTO_INCREMENT,
  `accountability_id` int(11) NOT NULL DEFAULT '0',
  `transfer_to` int(11) NOT NULL DEFAULT '0',
  `transfer_date` varchar(20) DEFAULT NULL,
  `create_date` varchar(100) DEFAULT NULL,
  `transfer_remarks` text,
  PRIMARY KEY (`transfer_id`)
) ENGINE=InnoDB DEFAULT CHARSET=latin1;






CREATE TABLE `unit` (
  `unit_id` int(11) NOT NULL AUTO_INCREMENT,
  `unit_name` varchar(100) DEFAULT NULL,
  PRIMARY KEY (`unit_id`)
) ENGINE=InnoDB AUTO_INCREMENT=2 DEFAULT CHARSET=latin1;

INSERT INTO unit VALUES("1","pc/s");





CREATE TABLE `users` (
  `user_id` int(11) NOT NULL AUTO_INCREMENT,
  `fullname` varchar(100) DEFAULT NULL,
  `username` varchar(100) DEFAULT NULL,
  `password` varchar(100) DEFAULT NULL,
  PRIMARY KEY (`user_id`)
) ENGINE=InnoDB AUTO_INCREMENT=4 DEFAULT CHARSET=latin1;

INSERT INTO users VALUES("1","admin","admin","admin");
INSERT INTO users VALUES("2","Hennelen Tanan","hen","hen");
INSERT INTO users VALUES("3","Jason Flor","flor","flor");



